"sName","Location","Manag","Soil","Crop","Pyear","Pdoy","dtEMR","R0","R1","R2","R3","R4","R5","R6","R7","R8","MSNN","MXLAI","R5ANTDM","WTOP","WGRN","HI","IPASW","CRAIN","CIRGW","IRGNO","ATSWSL","CRUNOF","CE","CTR","CDRAIN","ET","EoverET","NLF","NST","NVEG","NGRN","CNUP","CUMBNF","ISOLN","CNFERT","CNMIN","CNSOL","CNVOL","CNLEACH","CNDNIT","MATYP","SRAINT","MTMINT","MTMAXT","SSRADT","SUMETT","SRAIN2","MTMIN2","MTMAX2","SSRAD2","SUMET2","SRAIN3","MTMIN3","MTMAX3","SSRAD3","SUMET3","Ywet"
"JB-RFD-MID-check","Jonesboro","AR-RFD-MID","Soil_5","Soybean-MG4",1990,133,6,-9,60,-9,76,-9,88,-9,121,135,31.2280099428931,7.72360939673655,586.716488317381,623.140627178382,165.085456500923,0.264924880999077,376.399626053006,270.51,0,0,207.948009413157,12.6009012487455,146.224985688459,259.876961340937,7.82625131539918,406.101947029396,0.360069649402283,0,0,0,0,0,0,0,0,0,0,0,0,0,1,270.51,19.2641791044776,31.0097014925373,2916.59,405.927559644765,204.21,19.1080459770115,30.6988505747127,2007.39,355.396241331729,66.3,19.5531914893617,31.5851063829787,909.2,50.5313183130356,1897.53398276923
"JB-RFD-MID-check","Jonesboro","AR-RFD-MID","Soil_5","Soybean-MG4",1991,133,5,-9,57,-9,71,-9,83,-9,122,139,31.3758876439915,7.87428354649877,655.38239571422,859.688609424703,333.603007490024,0.388050980125546,384.9357802425,402.84,0,0,228.230836187531,22.0725981856034,148.554887235461,356.531326795045,21.4499540169041,505.086214030506,0.294117881480109,0,0,0,0,0,0,0,0,0,0,0,0,0,1,402.84,19.8847826086956,31.2413043478261,2937.64,504.928090385272,224.79,20.7658536585366,31.809756097561,1873.23,374.04426575082,178.05,18.5946428571429,30.4089285714286,1064.41,130.883824634452,3834.51732747154
"JB-RFD-MID-check","Jonesboro","AR-RFD-MID","Soil_5","Soybean-MG4",1992,133,5,-9,67,-9,83,-9,97,-9,135,162,30.6911707160235,14.0231616832428,1178.82434411502,1338.18143249527,411.262587687257,0.307329467963389,379.606154496767,643.88,0,0,275.465596719762,61.7885168374162,187.591052683731,476.166300350624,13.4565485442011,663.757353034355,0.282619924022177,0,0,0,0,0,0,0,0,0,0,0,0,0,1,643.88,16.9403726708075,28.0944099378882,3073.84,663.280597166562,463.54,18.7135416666667,29.275,2031.12,559.927848518131,180.34,14.3215384615385,26.3507692307692,1042.72,103.35274864843,4727.1561803133
"JB-RFD-MID-check","Jonesboro","AR-RFD-MID","Soil_5","Soybean-MG4",1993,133,8,-9,64,-9,76,-9,88,-9,122,140,30.9782124417461,7.48614161069239,622.123445817251,665.04134482174,172.156774475809,0.258866273226899,380.216274335929,350.51,0,0,308.280482432974,33.4849622138734,88.6209571498004,279.981655517506,8.99341705019489,368.602612667307,0.240424115576706,0,0,0,0,0,0,0,0,0,0,0,0,0,1,350.51,19.194964028777,30.9359712230216,2864.76,367.102612667307,182.36,19.5540229885057,31.1896551724138,1917.82,312.980526178597,168.15,18.5942307692308,30.5115384615385,946.94,54.1220864887093,1978.81349972194
"JB-RFD-MID-check","Jonesboro","AR-RFD-MID","Soil_5","Soybean-MG4",1994,133,7,-9,62,-9,79,-9,91,-9,128,145,30.7780014939812,12.7102725900151,961.716862051909,1020.13718300933,268.967209069674,0.26365788204704,393.416606807487,448.55,0,0,219.769626153959,52.1267868753108,133.991959051317,370.280636042442,56.2488702822348,504.272595093759,0.265713347017012,0,0,0,0,0,0,0,0,0,0,0,0,0,1,448.55,17.8298611111111,29.6590277777778,3062.52,504.075606154609,358.38,18.9144444444444,30.1277777777778,2039.12,439.297560959668,90.17,16.0222222222222,28.8777777777778,1023.4,64.7780451949413,3091.57711574338
"JB-RFD-MID-check","Jonesboro","AR-RFD-MID","Soil_5","Soybean-MG4",1995,133,5,-9,62,-9,76,-9,88,-9,123,142,30.719955541128,10.3386010566797,859.953225376968,920.609289328454,243.963353601663,0.265002055084219,380.367601226373,370.08,0,0,252.923191535698,36.3383278027923,83.6725520529322,367.638701094885,0,451.311253147817,0.18539877184389,0,0,0,0,0,0,0,0,0,0,0,0,0,1,356.62,19.0340425531915,30.3517730496454,2965.53,451.30779519105,233.43,19.6091954022988,30.6287356321839,1916.41,383.226806883723,123.19,18.1074074074074,29.9055555555556,1049.12,68.0809883073269,2804.17647818004
"JB-RFD-MID-check","Jonesboro","AR-RFD-MID","Soil_5","Soybean-MG4",1996,133,6,-9,59,-9,73,-9,86,-9,121,138,31.9098640182265,6.65913462920601,605.025276265811,625.280724388099,151.534718775737,0.242346697835647,379.955091709622,309.35,0,0,294.955084873561,22.8357045033785,93.6734751301649,254.856297526935,11.0719118014421,348.5297726571,0.268767498443599,0,0,0,0,0,0,0,0,0,0,0,0,0,1,309.35,19.2313868613139,30.5153284671533,2911.37,348.519870070933,171.44,19.8411764705882,30.9352941176471,1910.51,312.421490644027,137.91,18.2346153846154,29.8288461538462,1000.86,36.0983794269063,1741.77837673261
"JB-RFD-MID-check","Jonesboro","AR-RFD-MID","Soil_5","Soybean-MG4",1997,133,7,-9,64,-9,76,-9,89,-9,125,138,30.5440400047221,5.94671982611952,552.981339009016,751.295486431715,258.707159798734,0.344348082040884,376.457383711426,466.09,0,0,210.688853963534,97.5541576252775,148.259835168093,320.466342624948,52.5499696429387,468.726177793041,0.316303723137809,0,0,0,0,0,0,0,0,0,0,0,0,0,1,466.09,18.6423357664234,30.5985401459854,2968.81,468.406045145116,314.2,18.4397727272727,30.5784090909091,2014.51,354.215940664969,151.89,19.0061224489796,30.634693877551,954.3,114.190104480147,2973.64551492798
"JB-RFD-MID-check","Jonesboro","AR-RFD-MID","Soil_5","Soybean-MG4",1998,133,5,-9,54,-9,69,-9,84,-9,122,133,31.3831344104332,7.08242059067358,642.364069125361,949.528282399173,326.251981745077,0.343593748382866,379.070823571503,344.16,0,0,195.150930168535,30.0947426524238,91.3497253591763,391.208172182231,3.97699012366806,482.557897541407,0.189303140254456,0,0,0,0,0,0,0,0,0,0,0,0,0,1,344.16,21.1265151515151,32.1727272727273,2850.85,482.314481051155,210.81,21.7313253012048,32.3698795180723,1867.67,312.980928611955,133.35,20.1020408163265,31.8387755102041,983.18,169.333552439199,3750.02277867904
"JB-RFD-MID-check","Jonesboro","AR-RFD-MID","Soil_5","Soybean-MG4",1999,133,6,-9,62,-9,74,-9,85,-9,119,133,30.9913338688276,7.31086863417212,584.518748218005,570.508380982335,114.434787331331,0.200583884735034,379.259986109743,162.54,0,0,193.880681624773,6.48595566210926,81.0450335969724,234.542615046312,13.144499470476,315.587648643284,0.256806734818001,0,0,0,0,0,0,0,0,0,0,0,0,0,1,162.54,18.9674242424242,32.1484848484848,2968.85,315.508810092787,143.49,19.8285714285714,32.0083333333333,1952.08,300.671444503056,19.05,17.4604166666667,32.39375,1016.77,14.8373655897318,1315.34238311875
"JB-RFD-MID-check","Jonesboro","AR-RFD-MID","Soil_5","Soybean-MG4",2000,133,7,-9,62,-9,77,-9,89,-9,121,133,30.8166746794736,8.87231690406651,749.466628643493,726.269660774745,140.902802953265,0.194008934371509,383.519758577668,349.99,0,0,190.393331084472,47.3596943303753,131.829764711748,290.680525462224,61.867392606044,422.510290173972,0.312015512468266,0,0,0,0,0,0,0,0,0,0,0,0,0,1,349.99,19.3969696969697,31.4878787878788,2836.42,422.410510681387,339.84,19.4045454545455,30.8034090909091,1935.62,406.81951710691,10.15,19.3818181818182,32.8568181818182,900.8,15.5909935744772,1619.57244773868
"JB-RFD-MID-check","Jonesboro","AR-RFD-MID","Soil_5","Soybean-MG4",2001,133,5,-9,61,-9,75,-9,86,-9,120,133,31.3824918558188,7.09458085920571,588.286581176977,592.683994244583,133.060222991662,0.224504498659959,379.411421727824,290.8,0,0,226.211295018171,15.9420842578958,136.995415442717,253.111905836754,27.1873849375482,390.107321279471,0.35117365906746,0,0,0,0,0,0,0,0,0,0,0,0,0,1,286.74,19.0666666666667,31.2287878787879,2877.63,389.812928927049,229.59,19.14,31.0670588235294,1988.3,363.778137502407,57.15,18.9340425531915,31.5212765957447,889.33,26.0347914246422,1529.42785047888
"JB-RFD-MID-check","Jonesboro","AR-RFD-MID","Soil_5","Soybean-MG4",2002,133,9,-9,60,-9,75,-9,86,-9,122,136,31.9656391535625,7.00513357860881,496.271702447973,714.242066113395,260.580015324394,0.364834315545654,399.30658377946,416.27,0,0,284.532419465271,80.365290253801,99.2846526416087,300.005472999892,39.9949093696303,399.2901256415,0.248652912420756,0,0,0,0,0,0,0,0,0,0,0,0,0,1,413.22,19.7592592592592,31.2274074074074,2970.32,399.28664378269,150.84,19.5505882352941,31.4694117647059,2009.19,278.687760480268,262.38,20.114,30.816,961.13,120.598883302421,2995.17258993556
"JB-RFD-MID-check","Jonesboro","AR-RFD-MID","Soil_5","Soybean-MG4",2003,133,6,-9,68,-9,83,-9,96,-9,132,152,30.5964705796082,10.9533153558713,1065.90702262989,1152.81541611538,318.567346083289,0.276338554837131,387.645053998975,583.19,0,0,256.643876118705,67.0229009087159,134.060149278212,427.66572854294,76.1996766511874,561.725877821152,0.238657598966618,0,0,0,0,0,0,0,0,0,0,0,0,0,1,583.19,17.5894039735099,28.3562913907285,3088.99,561.371775854903,457.97,18.3663157894737,28.9515789473684,2096.16,484.056663775221,125.22,16.2714285714286,27.3464285714286,992.83,77.315112079682,3661.69363314125
"JB-RFD-MID-check","Jonesboro","AR-RFD-MID","Soil_5","Soybean-MG4",2004,133,7,-9,61,-9,77,-9,91,-9,129,141,30.4632469743545,11.5263973056529,970.120739668717,1104.3276218662,345.071221347854,0.312471783296265,395.085693152226,396.23,0,0,189.585576177643,31.7887727460583,127.320487612972,393.611168770602,39.897322941067,520.931656383574,0.244409196586092,0,0,0,0,0,0,0,0,0,0,0,0,0,1,396.23,18.7657142857143,29.6364285714286,2911.77,520.810780390429,329.18,19.7211111111111,29.9211111111111,1934.21,434.783701129713,67.05,17.046,29.124,977.56,86.0270792607163,3966.33587756154
"JB-RFD-MID-check","Jonesboro","AR-RFD-MID","Soil_5","Soybean-MG4",2005,133,7,-9,60,-9,75,-9,86,-9,121,133,31.1305014195474,10.2969975296073,726.927017991907,840.13435544554,253.208871653374,0.301390926358549,379.923524583024,313.67,0,0,198.595435776015,42.0373634505146,55.2110916379675,385.238530803916,0,440.449622441883,0.125351660723134,0,0,0,0,0,0,0,0,0,0,0,0,0,1,313.67,19.6590909090909,32.5810606060606,2974.89,440.301093171495,200.65,19.1117647058824,32.2176470588235,2006.61,347.787604513732,113.02,20.6489361702128,33.2382978723404,968.28,92.5134886577629,2910.4468006135
"JB-RFD-MID-check","Jonesboro","AR-RFD-MID","Soil_5","Soybean-MG4",2006,133,7,-9,58,-9,72,-9,84,-9,122,141,31.7152593735933,7.28710877994034,643.709117839719,757.842362813099,255.074406198462,0.336579767395992,379.646910875073,384.27,0,0,301.135257101832,55.7198012261644,59.3485344446583,334.390863890439,0,393.739398335097,0.150730495082813,0,0,0,0,0,0,0,0,0,0,0,0,0,1,384.27,19.0714285714286,31.0742857142857,3117.87,393.495981844845,150.61,19.9289156626506,32.1253012048193,2006.46,309.479562160014,233.66,17.8228070175439,29.5438596491228,1111.41,84.0164196848298,2931.8897264191
"JB-RFD-MID-check","Jonesboro","AR-RFD-MID","Soil_5","Soybean-MG4",2007,133,7,-9,60,-9,74,-9,86,-9,118,133,31.3210874229231,8.76421213440203,671.073048703568,651.547481192602,127.385303187843,0.195511926398174,374.489540015053,227.81,0,0,234.406211932961,20.660288501519,80.0296979922259,256.976116364305,0,337.005814356531,0.237472751456922,0,0,0,0,0,0,0,0,0,0,0,0,0,1,227.81,20.3477272727273,32.2575757575758,2885.38,336.815289375842,165.84,19.8329411764706,31.4129411764706,1958.91,317.804966221773,61.97,21.2787234042553,33.7851063829787,926.47,19.0103231540686,1464.19888721659
"JB-RFD-MID-check","Jonesboro","AR-RFD-MID","Soil_5","Soybean-MG4",2008,133,8,-9,58,-9,72,-9,84,-9,125,143,31.348639375493,6.17067238944651,441.943868187829,672.007637215253,288.656350004538,0.429543258169963,379.388188947537,303.27,0,0,232.432025177761,22.5155321922266,89.7253738980093,307.626121878138,17.1742615458183,397.351495776147,0.225808572137746,0,0,0,0,0,0,0,0,0,0,0,0,0,1,303.27,18.9971830985916,31.0802816901408,3022.78,397.181640258959,124.71,19.5156626506024,32.4168674698795,1958.45,277.353459870953,178.56,18.2677966101695,29.2,1064.33,119.828180388006,3317.88908051193
"JB-RFD-MID-check","Jonesboro","AR-RFD-MID","Soil_5","Soybean-MG4",2009,133,7,-9,59,-9,76,-9,91,-9,130,154,31.4998740172259,10.3098165999938,906.111417072547,1129.69346084306,377.758258712642,0.33439005518429,379.565875028496,824.69,0,0,416.146121339222,139.46580570674,156.713402599705,415.800079888195,60.7137008199123,572.5134824879,0.273728754681367,0,0,0,0,0,0,0,0,0,0,0,0,0,1,824.69,18.6705882352941,28.8457516339869,3040.6,572.506977417985,464.81,19.8588888888889,30.4911111111111,2034.31,433.855447434476,359.88,16.9730158730159,26.4952380952381,1006.29,138.651529983508,4342.04895072002
"JB-RFD-MID-check","Jonesboro","AR-RFD-MID","Soil_5","Soybean-MG4",2010,133,6,-9,55,-9,70,-9,82,-9,117,131,31.9853151564594,8.4184579050992,592.604239795314,583.933752706927,121.016515876515,0.207243570551491,376.833995863527,210.81,0,0,248.910540200887,10.6952753695757,72.2403712234309,243.52914570881,0,315.769516932241,0.228775633333006,0,0,0,0,0,0,0,0,0,0,0,0,0,1,210.81,21.7430769230769,33.1815384615385,2984.34,315.565357765276,123.95,22.0185185185185,32.9876543209877,1954.2,292.831384557587,86.86,21.2877551020408,33.5020408163265,1030.14,22.7339732076892,1390.99443536224
"JB-RFD-MID-check","Jonesboro","AR-RFD-MID","Soil_5","Soybean-MG4",2011,133,8,-9,57,-9,71,-9,82,-9,119,134,32.3549657241075,6.44990783984331,411.312929678925,500.482457763165,173.241976747786,0.346149948036273,398.478443124755,277.83,0,0,231.464042316758,14.4336079816832,115.417515389378,250.748002718671,51.4730618740605,366.165518108048,0.315205855498715,0,0,0,0,0,0,0,0,0,0,0,0,0,1,277.58,20.4195488721805,32.3984962406015,2929.22,365.871125755627,159.23,21.1469135802469,33.1679012345679,1918.21,293.314826574771,118.35,19.2865384615385,31.2,1011.01,72.5562991808557,1991.28708905501
"JB-RFD-MID-check","Jonesboro","AR-RFD-MID","Soil_5","Soybean-MG4",2012,133,6,-9,56,-9,70,-9,82,-9,120,138,31.4916521946588,5.40803563202619,434.590099558287,579.110237085278,224.288774815141,0.387298929378298,382.074200883074,319.24,0,0,282.26911223311,40.267145008044,82.7038327986078,282.836232895086,0.0186628307161996,365.540065693693,0.226251074944846,0,0,0,0,0,0,0,0,0,0,0,0,0,1,306.79,19.8547445255474,32.5773722627737,3129.39,364.918745350134,89.91,20.4617283950617,33.4543209876543,2004.71,261.776597311074,216.88,18.9767857142857,31.3089285714286,1124.68,103.14214803906,2578.0318944269
"JB-RFD-MID-check","Jonesboro","AR-RFD-MID","Soil_5","Soybean-MG4",2013,133,6,-9,58,-9,71,-9,86,-9,122,134,31.1427376716776,5.88028483545987,620.418263367887,856.021544141369,285.143143625822,0.333102765435459,375.911681394635,445,0,0,215.300547929492,64.2180396535471,119.690660759347,353.380532938972,55.9363918910832,473.071193698319,0.253007712906051,0,0,0,0,0,0,0,0,0,0,0,0,0,1,445,19.9646616541353,31.6789473684211,2904.84,472.751061050394,340.86,19.9482352941176,31.4129411764706,1931.12,352.810050037199,104.14,19.99375,32.15,973.72,119.941011013195,3277.50739799795
"JB-RFD-MID-check","Jonesboro","AR-RFD-MID","Soil_5","Soybean-MG4",2014,133,9,-9,64,-9,80,-9,91,-9,126,141,30.4305771433734,9.47063568209125,850.146710747064,912.304132042636,248.55826884096,0.272451104966983,394.9779180417,425.42,0,0,211.734131414221,31.3565818527767,145.269722188502,321.266722003174,102.613686990574,466.536444191677,0.31137915161204,0,0,0,0,0,0,0,0,0,0,0,0,0,1,425.42,18.9842857142857,29.73,2932.95,466.374684094376,340.59,19.2211111111111,29.2088888888889,1965.66,401.928744164527,84.83,18.558,30.668,967.29,64.4459399298488,2856.99159587311
"JB-RFD-MID-check","Jonesboro","AR-RFD-MID","Soil_5","Soybean-MG4",2015,133,6,-9,62,-9,77,-9,90,-9,130,146,31.1136025477062,11.9829024536431,920.050941919544,1152.21640341664,392.853412408736,0.340954538786132,379.643918706188,540.01,0,0,210.387203647211,52.9955401421529,162.060156996254,451.40657112992,31.9243532177117,613.466728126174,0.264171061878555,0,0,0,0,0,0,0,0,0,0,0,0,0,1,540.01,18.7958620689655,29.7262068965517,3048.17,613.323702827041,449.34,20.476404494382,30.7247191011236,1969.38,486.129084073197,90.67,16.125,28.1392857142857,1078.79,127.194618753843,4515.55646446823
"JB-RFD-MID-check","Jonesboro","AR-RFD-MID","Soil_5","Soybean-MG4",2016,133,8,-9,59,-9,73,-9,85,-9,123,135,32.2062302975887,6.71655023463802,517.3587952009,763.456553942198,303.624606980215,0.397697295821764,404.200065084695,507.98,0,0,238.203676963618,109.151667106151,121.481578628694,306.711677165074,125.836376104787,428.193255793768,0.283707361068767,0,0,0,0,0,0,0,0,0,0,0,0,0,1,507.98,21.0716417910448,31.4485074626866,2934.06,427.935896480888,337.55,21.0702380952381,31.3392857142857,1969.27,302.363435024231,170.43,21.074,31.632,964.79,125.572461456657,3489.93801126684
"JB-RFD-MID-check","Jonesboro","AR-RFD-MID","Soil_5","Soybean-MG4",2017,133,5,-9,60,-9,73,-9,85,-9,128,138,31.9775454309267,6.85910393747892,561.869411735703,823.255783594149,354.412726436566,0.430501350247769,379.161030613934,348.45,0,0,206.416203768338,32.2019597147473,146.880398786495,325.746836791364,5.07159157656901,472.627235577859,0.310774301034327,0,0,0,0,0,0,0,0,0,0,0,0,0,1,348.45,19.443795620438,30.5963503649635,2937.6,472.489144425984,194.29,19.8559523809524,31.1845238095238,1966.89,342.975428661191,154.16,18.7905660377359,29.6641509433962,970.71,129.513715764793,4073.70949927088
"JB-RFD-MID-check","Jonesboro","AR-RFD-MID","Soil_5","Soybean-MG4",2018,133,5,-9,53,-9,67,-9,81,-9,125,141,31.6528949946429,6.6114944807362,554.783553654355,979.424203014546,477.678379016432,0.487713472411849,379.118778347445,715.25,0,0,371.143269396608,100.966647815576,153.47218269794,416.849604602409,39.811177511432,570.321787300349,0.269097527247572,0,0,0,0,0,0,0,0,0,0,0,0,0,1,715.25,20.7778571428571,31.8442857142857,3018.7,568.821787300349,255.77,21.43625,33.0225,1922.27,349.808040086025,459.48,19.9,30.2733333333333,1096.43,219.013747214324,5490.55608064864
"JB-RFD-MID-check","Jonesboro","AR-RFD-MID","Soil_5","Soybean-MG4",2019,133,5,-9,59,-9,75,-9,87,-9,123,133,31.5434339892594,11.7921200180563,913.542194307402,1158.06904484378,433.203410647386,0.374073905676172,375.903928885964,476.25,0,0,184.129616989032,41.0069175957256,152.630607700719,454.255698496949,10.9240485068042,606.886306197668,0.251497860706393,0,0,0,0,0,0,0,0,0,0,0,0,0,1,475.74,20.825,31.8568181818182,2937.96,606.74581292016,351.29,20.6662790697674,31.3511627906977,1993.4,457.253781971644,124.45,21.1217391304348,32.8021739130435,944.56,149.492030948517,4979.34954767111
"MA-RFD-MID-check","Marianna","AR-RFD-MID","Soil_23","Soybean-MG4",1990,133,6,-9,59,-9,75,-9,87,-9,120,131,29.8017486699602,8.35173370560682,737.868513855999,775.893341587745,198.635887109458,0.256009268880928,409.461362507581,438.91,0,0,221.897638671876,79.2881244603511,154.015152689902,347.340451224412,33.6067497752038,501.355603914314,0.307197429304539,0,0,0,0,0,0,0,0,0,0,0,0,0,1,426.72,18.7838461538462,31.8653846153846,2801.91,500.734283570755,380.75,18.5918604651163,31.246511627907,1908.37,450.319703547397,45.97,19.1590909090909,33.075,893.54,50.4145800233577,2283.17111620067
"MA-RFD-MID-check","Marianna","AR-RFD-MID","Soil_23","Soybean-MG4",1991,133,5,-9,54,-9,67,-9,80,-9,119,132,29.4402562141611,6.42898165884677,604.812315982931,690.363582538497,213.156178709335,0.30875930321462,410.3904822794,338.6,0,0,221.423353157104,42.3988229088199,132.72540353356,299.887958132928,41.2588093085871,432.613361666488,0.306799131266503,0,0,0,0,0,0,0,0,0,0,0,0,0,1,338.6,19.2221374045802,32.1175572519084,2769.34,432.464832396099,247.14,20.2518987341772,32.0962025316456,1745.93,358.688619317978,91.46,17.6576923076923,32.15,1023.41,73.7762130781212,2450.07101964753
"MA-RFD-MID-check","Marianna","AR-RFD-MID","Soil_23","Soybean-MG4",1992,133,5,-9,63,-9,77,-9,91,-9,130,155,29.4549402384268,10.5554969243709,1020.271257099,1128.0734046679,318.360347256519,0.282215985182493,405.224152205784,631.94,0,0,249.478461880115,89.2965202056353,168.868153307199,473.957834665948,45.3793579856851,642.825987973147,0.26269652513528,0,0,0,0,0,0,0,0,0,0,0,0,0,1,631.94,15.8857142857143,29.0792207792208,3014.29,642.471886006897,528.82,18.1888888888889,30.2911111111111,1885.44,549.480726878077,103.12,12.646875,27.375,1128.85,92.9911591288204,3659.31433628183
"MA-RFD-MID-check","Marianna","AR-RFD-MID","Soil_23","Soybean-MG4",1993,133,7,-9,59,-9,72,-9,83,-9,120,136,29.57206981059,6.87118901124187,553.941138739048,732.866481124052,254.204408470054,0.346863194070714,425.526791192363,339.1,0,0,287.690826405025,16.6547484217938,113.636216548709,310.584966580103,25.2690168005641,424.221183128812,0.26787020796697,0,0,0,0,0,0,0,0,0,0,0,0,0,1,332.75,19.6266666666667,31.5496296296296,2872.18,424.206906642888,148.08,20.2024390243902,31.6487804878049,1848.99,316.76527201055,184.67,18.7358490566038,31.3962264150943,1023.19,107.441634632337,2921.88975252935
"MA-RFD-MID-check","Marianna","AR-RFD-MID","Soil_23","Soybean-MG4",1994,133,6,-9,59,-9,76,-9,90,-9,126,142,29.6459199500478,14.9264511187904,1132.4763831752,1226.17843435841,341.009932070319,0.278107918484761,407.768445706247,506.96,0,0,217.004482476861,71.895885247781,133.887135087657,472.211307227438,11.1684316021793,606.098442315095,0.22089998214853,0,0,0,0,0,0,0,0,0,0,0,0,0,1,506.96,18.2106382978723,30.345390070922,3005.7,605.913783876669,418.57,19.4662921348315,30.6123595505618,1977.53,518.638501286718,88.39,16.0615384615385,29.8884615384615,1028.17,87.2752825899508,3919.65439161286
"MA-RFD-MID-check","Marianna","AR-RFD-MID","Soil_23","Soybean-MG4",1995,133,5,-9,59,-9,72,-9,84,-9,118,130,28.8521570718949,8.68564135491256,790.286564500995,825.749163976066,209.059079856495,0.253175042708919,401.97888328755,282.93,0,0,214.904024486506,10.6822303506664,130.807498957925,308.383095299829,10.8912088271951,439.190594257753,0.297837660159807,0,0,0,0,0,0,0,0,0,0,0,0,0,1,281.15,20.2767441860465,31.1480620155039,2769.38,438.870461609828,237.47,20.1795180722892,30.5686746987952,1827.27,394.519625969404,43.68,20.4521739130435,32.1934782608696,942.11,44.350835640424,2402.977929385
"MA-RFD-MID-check","Marianna","AR-RFD-MID","Soil_23","Soybean-MG4",1996,133,6,-9,58,-9,72,-9,86,-9,124,143,29.9899210788954,9.49520671289576,918.647006953643,1110.72815521216,380.272552321568,0.342363296128864,401.333029344893,559.32,0,0,303.940342669514,89.486786452262,143.57630992534,400.267388457929,15.0240691516041,543.843698383269,0.264002893390439,0,0,0,0,0,0,0,0,0,0,0,0,0,1,559.32,19.5338028169014,29.943661971831,2955.76,542.343698383269,354.58,20.6647058823529,30.5541176470588,1894.46,421.721442004003,204.74,17.8473684210526,29.0333333333333,1061.3,120.622256379266,4370.9488772594
"MA-RFD-MID-check","Marianna","AR-RFD-MID","Soil_23","Soybean-MG4",1997,133,7,-9,62,-9,75,-9,88,-9,124,135,28.7757135359889,9.15468279127918,850.730734863796,958.247118937397,293.492778338137,0.306280887818992,398.07264461493,427.74,0,0,239.642853237943,41.0619157386774,160.896084307293,370.025922878486,4.00620952590961,530.922007185778,0.303050320253522,0,0,0,0,0,0,0,0,0,0,0,0,0,1,426.72,19.3761194029851,30.3723880597015,2855.61,530.445251317985,316.72,19.5540229885057,30.0379310344827,1948.57,448.703587422949,110,19.0468085106383,30.9914893617021,907.04,81.7416638950361,3373.48021078318
"MA-RFD-MID-check","Marianna","AR-RFD-MID","Soil_23","Soybean-MG4",1998,133,5,-9,52,-9,66,-9,79,-9,115,126,29.7913461887029,7.39765782686545,629.102436334114,703.498634147168,210.698725239918,0.299501257021405,400.697789496268,178.3,0,0,200.039292000545,3.37213528744618,87.207688368409,277.700736480073,0,364.908424848482,0.238985132789465,0,0,0,0,0,0,0,0,0,0,0,0,0,1,178.3,21.928,32.7616,2783.26,364.7807330161,128.27,22.5025641025641,32.8269230769231,1818.7,303.702101692507,50.03,20.9744680851064,32.6531914893617,964.56,61.0786313235934,2421.82442804504
"MA-RFD-MID-check","Marianna","AR-RFD-MID","Soil_23","Soybean-MG4",1999,133,5,-9,60,-9,75,-9,86,-9,119,131,29.6543452578607,12.3049393540155,965.414997509896,953.882983963502,200.512674620598,0.21020678426136,400.884600455892,238.27,0,0,186.464627043571,27.9700320578013,85.428794148612,332.695484075029,0,418.124278223641,0.204314359624243,0,0,0,0,0,0,0,0,0,0,0,0,0,1,237.76,20.1330769230769,31.4407692307692,2938.43,417.986187071765,221.76,20.7717647058824,31.0717647058824,1973.85,389.095859009583,16,18.9266666666667,32.1377777777778,964.58,28.8903280621819,2304.74338644365
"MA-RFD-MID-check","Marianna","AR-RFD-MID","Soil_23","Soybean-MG4",2000,133,6,-9,59,-9,72,-9,84,-9,116,127,29.9611745563008,7.72400577732851,676.184317283446,673.134786667188,144.389914034331,0.21450371737469,401.31971590081,186.19,0,0,195.271801921094,14.764164180173,101.078994757497,254.491003998913,12.196489188718,355.56999875641,0.284273125154024,0,0,0,0,0,0,0,0,0,0,0,0,0,1,186.19,20.7357142857143,32.2547619047619,2793.24,355.249866108485,172.73,20.2096385542169,30.9253012048193,1870.65,329.128852266942,13.46,21.7511627906977,34.8209302325581,922.59,26.1210138415424,1659.65418430265
"MA-RFD-MID-check","Marianna","AR-RFD-MID","Soil_23","Soybean-MG4",2001,133,5,-9,58,-9,73,-9,84,-9,118,130,29.8071579947601,8.67264498664548,763.19344005636,780.905096991058,184.944344741214,0.23683331745923,400.818091328227,297.92,0,0,227.703271236835,18.6026562670812,151.355929613878,281.718890606075,10.3052198893614,433.074820219953,0.349491410137874,0,0,0,0,0,0,0,0,0,0,0,0,0,1,297.92,20.4325581395349,31.0279069767442,2817.38,432.59806435216,238.75,20.3759036144578,30.8036144578313,1955.13,397.822349648267,59.17,20.5347826086957,31.4326086956522,862.25,34.7757147038931,2125.79706599097
"MA-RFD-MID-check","Marianna","AR-RFD-MID","Soil_23","Soybean-MG4",2002,133,8,-9,59,-9,74,-9,87,-9,121,132,29.7324965036792,10.5339644318478,865.57880670211,1003.3376253466,303.236426360339,0.302227703516638,417.610048023613,362.72,0,0,250.637767945146,34.2575263941987,91.24709314576,380.725116848774,15.0603671162542,471.972209994534,0.19333149540058,0,0,0,0,0,0,0,0,0,0,0,0,0,1,362.72,20.4625954198473,31.1763358778626,2877.96,471.495454126741,225.82,20.2395348837209,30.8488372093023,2014.05,379.791445612808,136.9,20.8888888888889,31.8022222222222,863.91,91.7040085139322,3485.47616506137
"MA-RFD-MID-check","Marianna","AR-RFD-MID","Soil_23","Soybean-MG4",2003,133,6,-9,62,-9,76,-9,89,-9,126,147,29.2193420768399,8.98323020586466,890.4109070828,1070.05098531575,365.725397644933,0.34178315114304,401.221457910459,490.21,0,0,251.081458027394,44.5535854272659,159.058689352223,372.408665404804,56.1927139998737,531.467354757027,0.299282143914447,0,0,0,0,0,0,0,0,0,0,0,0,0,1,490.21,18.608904109589,29.027397260274,3055.61,531.282696318601,359.66,19.5693181818182,29.4534090909091,1945.53,421.728527353114,130.55,17.151724137931,28.3810344827586,1110.08,109.554168965486,4203.74020281532
"MA-RFD-MID-check","Marianna","AR-RFD-MID","Soil_23","Soybean-MG4",2004,133,7,-9,62,-9,78,-9,91,-9,126,138,28.8700095831506,13.1072367686597,1077.10573340111,1074.37760739911,232.889378041421,0.216766783333475,411.331079308759,389.13,0,0,197.36367986419,40.7449463976221,165.987881281045,333.82164180863,56.9839202838053,499.809523089675,0.332102278193815,0,0,0,0,0,0,0,0,0,0,0,0,0,1,389.13,18.9489051094891,28.9795620437956,2842.12,499.712291672856,374.14,19.71,28.7477777777778,1908.7,471.768158411565,14.99,17.4914893617021,29.4234042553191,933.42,27.9441332612909,2676.88940277495
"MA-RFD-MID-check","Marianna","AR-RFD-MID","Soil_23","Soybean-MG4",2005,133,7,-9,57,-9,73,-9,85,-9,121,132,29.3197190932968,9.46768084712555,745.580288740932,898.058487637086,298.265237232887,0.332122285284184,401.589072725862,259.12,0,0,205.936564635626,20.4670922504172,85.1819478380142,339.218421032555,0,424.40036887057,0.200711295479558,0,0,0,0,0,0,0,0,0,0,0,0,0,1,259.12,19.9801526717557,31.0496183206107,2934.98,424.248838098919,143.54,19.6940476190476,30.4976190476191,1950.64,324.527518414466,115.58,20.4914893617021,32.036170212766,984.34,99.721319684453,3428.33606014813
"MA-RFD-MID-check","Marianna","AR-RFD-MID","Soil_23","Soybean-MG4",2006,133,7,-9,57,-9,70,-9,82,-9,119,133,29.6835536342147,6.83412817163305,636.321924756916,697.858555363517,200.841166872728,0.287796381271143,403.830133030409,253.22,0,0,275.764574005386,32.6731324055265,53.1081676360145,284.678118176812,0.124596623082039,337.786285812826,0.157224167666306,0,0,0,0,0,0,0,0,0,0,0,0,0,1,252.97,19.6212121212121,31.1893939393939,3032.59,337.491893460404,92.45,19.8333333333333,31.2456790123457,1984.41,279.436454692158,160.52,19.2843137254902,31.1,1048.18,58.0554387682458,2308.51915945664
"MA-RFD-MID-check","Marianna","AR-RFD-MID","Soil_23","Soybean-MG4",2007,133,7,-9,57,-9,74,-9,85,-9,118,133,29.4666364501058,12.3050295142561,871.698752411913,862.176280070299,181.713354113234,0.210761254181589,400.632304842011,368.28,0,0,255.402548719882,53.1061657040701,113.427484028578,326.692538546805,11.7084488234079,440.120022575383,0.257719436086665,0,0,0,0,0,0,0,0,0,0,0,0,0,1,368.28,20.2901515151515,31.9181818181818,2833.53,439.888501880102,284.72,19.875,31.1880952380953,1877.78,407.564853973734,83.56,21.0166666666667,33.1958333333333,955.75,32.3236479063685,2088.65924268085
"MA-RFD-MID-check","Marianna","AR-RFD-MID","Soil_23","Soybean-MG4",2008,133,7,-9,55,-9,69,-9,80,-9,123,140,30.1397632872788,6.20924900027333,499.929892292424,806.581430045058,370.87952435471,0.459816592025918,401.005666913981,344.66,0,0,247.788166489412,32.0329183784237,122.397246924278,326.567718159622,5.97048868604096,448.9649650839,0.272620931349075,0,0,0,0,0,0,0,0,0,0,0,0,0,1,344.66,19.8165467625899,30.7971223021583,2971.33,448.81926572023,129.28,20.2822784810127,31.7430379746835,1877.83,300.136933382354,215.38,19.2033333333333,29.5516666666667,1093.5,148.682332337876,4262.98303855989
"MA-RFD-MID-check","Marianna","AR-RFD-MID","Soil_23","Soybean-MG4",2009,133,6,-9,57,-9,73,-9,87,-9,125,141,30.1555274540281,8.79129377466207,873.488293361518,1102.70740360482,338.447856803714,0.306924444052254,404.923308524502,556.76,0,0,309.219612992495,55.4361876567229,144.292530738106,420.538645120331,21.9119966846844,564.831175858438,0.255461342973515,0,0,0,0,0,0,0,0,0,0,0,0,0,1,556.76,19.6957142857143,30.0992857142857,2936.66,564.557162137916,422.91,20.1290697674419,30.6790697674419,1954.32,431.309683662795,133.85,19.0055555555556,29.1759259259259,982.34,133.247478475121,3890.2052506174
"MA-RFD-MID-check","Marianna","AR-RFD-MID","Soil_23","Soybean-MG4",2010,133,5,-9,52,-9,66,-9,78,-9,113,124,30.5924985003989,6.68925677186522,550.040779100273,569.325590495931,139.197924884244,0.244496167409217,398.865992249979,195.84,0,0,206.332331826451,11.2843994985087,117.600429782254,248.168359004385,0,365.768788786639,0.321515759101177,0,0,0,0,0,0,0,0,0,0,0,0,0,1,195.84,22.0772357723577,33.4788617886179,2832.92,365.474396434217,159.52,21.9688311688312,32.8532467532468,1826.04,329.238699490207,36.32,22.2586956521739,34.5260869565217,1006.88,36.2356969440105,1599.97614809476
"MA-RFD-MID-check","Marianna","AR-RFD-MID","Soil_23","Soybean-MG4",2011,133,8,-9,56,-9,70,-9,82,-9,121,134,29.7727566604126,8.49434765989681,734.121806850184,885.42447666424,302.725503208791,0.341898729013324,429.958269897122,322.34,0,0,212.141606081897,20.8644462349518,87.6178535364379,388.003060185934,32.776613679346,475.620913722372,0.184217831908842,0,0,0,0,0,0,0,0,0,0,0,0,0,1,322.34,20.6481203007519,31.9533834586466,2947.08,475.32652136995,212.86,21.5123456790124,32.5024691358025,1929.99,369.286784245711,109.48,19.3019230769231,31.0980769230769,1017.09,106.039737124239,3479.60348515852
"MA-RFD-MID-check","Marianna","AR-RFD-MID","Soil_23","Soybean-MG4",2012,133,6,-9,54,-9,68,-9,80,-9,115,129,30.1695495887953,6.00626685964328,492.426993897641,503.445906841721,118.462620833274,0.235303573280451,402.882136762758,222.99,0,0,310.024226493811,12.8762379447198,76.3076866501311,212.843584011094,2.49213400583658,289.151270661226,0.263902304408458,0,0,0,0,0,0,0,0,0,0,0,0,0,1,214.1,20.47734375,32.66484375,2905.07,288.674514793432,72.13,20.3126582278481,32.5341772151899,1932.51,259.811491646909,141.97,20.7428571428571,32.8755102040816,972.56,28.8630231465227,1361.63931992269
"MA-RFD-MID-check","Marianna","AR-RFD-MID","Soil_23","Soybean-MG4",2013,133,6,-9,54,-9,67,-9,82,-9,118,128,29.5547010260451,4.87184539589166,521.722107219739,630.266469726983,208.249713983994,0.330415346502889,397.731792934622,211.84,0,0,198.601440734404,16.5308157678912,133.34358615153,244.686887734109,6.60210389390803,378.030473885638,0.352732373083416,0,0,0,0,0,0,0,0,0,0,0,0,0,1,211.84,20.0787401574803,31.3692913385827,2869.51,377.907996676632,165.61,20.0037037037037,30.9197530864198,1893.3,311.656757896247,46.23,20.2108695652174,32.1608695652174,976.21,66.251238780385,2393.67487337924
"MA-RFD-MID-check","Marianna","AR-RFD-MID","Soil_23","Soybean-MG4",2014,133,8,-9,61,-9,77,-9,89,-9,125,139,29.4277073596385,10.7287036160555,938.688600906472,1116.39155737948,369.866185363013,0.331305072058412,429.510666769537,582.43,0,0,225.463010175033,82.0561404530924,177.482508595076,416.039312503045,102.881927410702,593.521821098121,0.299032827919793,0,0,0,0,0,0,0,0,0,0,0,0,0,1,582.43,19.3927536231884,29.8927536231884,2888.87,593.300605860948,485.9,19.3761363636364,29.5409090909091,1917.63,475.55131652492,96.53,19.422,30.512,971.24,117.749289336028,4251.33546394268
"MA-RFD-MID-check","Marianna","AR-RFD-MID","Soil_23","Soybean-MG4",2015,133,5,-9,58,-9,71,-9,83,-9,118,130,30.1258623985031,7.33128109041438,692.283567478473,737.956738095303,197.069992729832,0.267048164962187,401.44723379374,332.75,0,0,199.366896627041,27.7825016310028,157.323243136897,294.256276471324,45.4714682668221,451.579519608221,0.348384362677445,0,0,0,0,0,0,0,0,0,0,0,0,0,1,332.75,20.6007751937984,31.4294573643411,2853.82,451.358304371048,280.68,21.1280487804878,31.2317073170732,1863.41,396.88903963892,52.07,19.6808510638298,31.7744680851064,990.41,54.4692647321274,2265.17233022795
"MA-RFD-MID-check","Marianna","AR-RFD-MID","Soil_23","Soybean-MG4",2016,133,8,-9,56,-9,71,-9,83,-9,120,129,29.9075182691754,8.01408586080104,715.535486584997,878.469268603128,306.630959998567,0.349051436353769,401.667788787825,359.92,0,0,202.876642475215,21.9274320332571,137.45119761785,342.200141484196,45.8021635667678,479.651339102046,0.286564815757988,0,0,0,0,0,0,0,0,0,0,0,0,0,1,359.92,21.371875,31.48515625,2851.75,479.521755229585,297.94,20.9939024390244,31.1560975609756,1949.12,383.761265224126,61.98,22.045652173913,32.0717391304348,902.63,95.7604900054599,3524.49379308698
"MA-RFD-MID-check","Marianna","AR-RFD-MID","Soil_23","Soybean-MG4",2017,133,6,-9,60,-9,73,-9,87,-9,132,146,28.9544405510754,10.0046929379168,1017.26717454476,1452.23438719128,645.136461749775,0.444237147556817,407.417532980036,749.06,0,0,253.826126115515,162.230951823742,171.863390920925,535.686826009224,23.1396287218014,707.550216930149,0.242899213099798,0,0,0,0,0,0,0,0,0,0,0,0,0,1,749.06,19.6393103448276,30.0096551724138,3030.35,707.398686158499,429.28,20.0383720930233,30.5453488372093,1964.67,497.635105808243,319.78,19.0576271186441,29.228813559322,1065.68,209.763580350255,7415.36162930776
"MA-RFD-MID-check","Marianna","AR-RFD-MID","Soil_23","Soybean-MG4",2018,133,5,-9,49,-9,63,-9,75,-9,116,130,29.522093737244,5.47040849179752,451.862998055622,682.278354529702,294.586782046034,0.431769204006324,400.6927829222,424.68,0,0,314.233573440668,76.1578516297879,129.237118273661,292.127518833806,2.94698711180002,421.364637107466,0.306710879111337,0,0,0,0,0,0,0,0,0,0,0,0,0,1,424.68,21.2248062015504,32.3449612403101,2832.65,421.143421870293,114.03,21.5959459459459,33.2635135135135,1774.86,293.447385656141,310.65,20.7254545454545,31.1090909090909,1057.79,127.696036214151,3386.05496604636
"MA-RFD-MID-check","Marianna","AR-RFD-MID","Soil_23","Soybean-MG4",2019,133,6,-9,57,-9,74,-9,88,-9,122,132,29.0277984181457,14.6922027697291,1272.55973562207,1417.55511438546,423.431640962513,0.298705592936383,401.235926570003,588,0,0,201.348636448126,97.1678364710178,162.892865094079,519.905815285125,0.267101542857668,682.798680379204,0.238566461498745,0,0,0,0,0,0,0,0,0,0,0,0,0,1,588,21.0160305343511,31.6198473282443,2990.58,682.658187101696,509,20.7471264367816,30.9022988505747,2038.14,572.145579715642,79,21.5477272727273,33.0386363636364,952.44,110.512607386054,4867.03035589095
"KS-RFD-MID-check","Keiser","AR-RFD-MID","Soil_41","Soybean-MG4",1990,133,6,-9,58,-9,74,-9,85,-9,119,137,31.8817157064414,5.77978667827279,404.469277948345,442.27134231089,122.011493479506,0.275874744318702,221.12627304839,347.23,0,0,158.598689103442,38.2450606395433,132.77041013359,182.915450311177,45.2710290022028,315.685860444768,0.420577627222616,0,0,0,0,0,0,0,0,0,0,0,0,0,1,347.23,19.2227941176471,31.1132352941176,2956.5,315.501202006341,239.53,19.6416666666667,31.2345238095238,1937.18,271.414865579046,107.7,18.5461538461538,30.9173076923077,1019.32,44.0863364272948,1402.43095953455
"KS-RFD-MID-check","Keiser","AR-RFD-MID","Soil_41","Soybean-MG4",1991,133,5,-9,56,-9,69,-9,82,-9,122,141,31.1662127678846,6.34661168042856,557.507584435421,732.379289208634,279.122073890557,0.381116831132895,242.019069825215,382.77,0,0,137.992714713147,18.6794924859529,124.698356350248,294.922369194776,39.4374624330157,419.620725545024,0.297169202470359,0,0,0,0,0,0,0,0,0,0,0,0,0,1,382.77,19.6707142857143,31.145,2977.89,419.416566378059,229.88,21.0123456790124,32.0024691358025,1847.28,313.255535173499,152.89,17.828813559322,29.9677966101695,1130.61,106.16103120456,3208.29969989145
"KS-RFD-MID-check","Keiser","AR-RFD-MID","Soil_41","Soybean-MG4",1992,133,5,-9,64,-9,76,-9,89,-9,129,155,30.6457756590595,7.53203915221146,660.783017786219,835.36478656484,260.663642555342,0.312035707929747,215.664738873485,585.19,0,0,189.119135493923,103.184775473594,146.31921159752,308.129264126428,45.6108890064653,454.448475723949,0.321970959115728,0,0,0,0,0,0,0,0,0,0,0,0,0,1,585.19,16.8642857142857,28.6318181818182,2988.2,454.293753780569,332.96,18.8852272727273,29.7977272727273,1862.57,360.282253138035,252.23,14.169696969697,27.0772727272727,1125.63,94.0115006425334,2996.1338224752
"KS-RFD-MID-check","Keiser","AR-RFD-MID","Soil_41","Soybean-MG4",1993,133,7,-9,62,-9,75,-9,87,-9,123,141,31.2119063286425,6.74345266958263,550.950793248657,657.534254051166,195.62976680746,0.297520266970362,215.692987825658,429.77,0,0,176.542728120194,32.6679344923254,133.657555630714,279.339368944842,12.7669823530301,412.996924575556,0.323628452604281,0,0,0,0,0,0,0,0,0,0,0,0,0,1,429.77,18.8792857142857,30.9171428571428,2883.24,411.496924575556,289.56,19.5918604651163,31.456976744186,1896.03,329.35628098198,140.21,17.7444444444444,30.0574074074074,987.21,82.1406435935759,2248.61800928115
"KS-RFD-MID-check","Keiser","AR-RFD-MID","Soil_41","Soybean-MG4",1994,133,6,-9,60,-9,75,-9,88,-9,125,143,31.6952584930421,10.6288507681987,758.892288384335,783.588846450563,191.245145682972,0.244063128960116,223.929168295495,516.91,0,0,152.018424476176,80.6848163055225,119.674939164011,304.68840857728,75.3415538017288,424.363347741291,0.282010545446469,0,0,0,0,0,0,0,0,0,0,0,0,0,1,516.91,17.9901408450704,30.3887323943662,3031.95,424.184045149038,412.26,19.4103448275862,30.7977011494253,1968.26,380.568621749114,104.65,15.7436363636364,29.7418181818182,1063.69,43.6154233999247,2198.22006532152
"KS-RFD-MID-check","Keiser","AR-RFD-MID","Soil_41","Soybean-MG4",1995,133,5,-9,60,-9,74,-9,88,-9,123,140,30.8957507718412,10.0290016943221,888.102052494539,983.433173358779,246.875920741972,0.251034770261818,216.548592512018,459.25,0,0,113.683613213933,37.2012249508922,122.481844349646,383.821282163635,9.98563523405728,506.303126513281,0.241914058862588,0,0,0,0,0,0,0,0,0,0,0,0,0,1,459.25,18.9877697841727,30.726618705036,2929.2,506.198615329703,398.78,19.9114942528736,30.9068965517241,1916.41,426.194329175421,60.47,17.4423076923077,30.425,1012.79,80.0042861542825,2837.65426140198
"KS-RFD-MID-check","Keiser","AR-RFD-MID","Soil_41","Soybean-MG4",1996,133,7,-9,58,-9,72,-9,86,-9,122,138,30.9319727557553,6.15881096240595,656.412267644168,716.575119587987,198.15681125572,0.27653320055217,216.012916170433,487.69,0,0,183.412256382004,60.4630715419085,126.987301854675,279.094026086039,44.0662754350433,406.081327940714,0.312713964216583,0,0,0,0,0,0,0,0,0,0,0,0,0,1,441.97,19.1583941605839,30.7532846715329,2911.37,406.06254378512,335.29,20.0564705882353,30.9623529411765,1910.51,346.058023702824,106.68,17.6903846153846,30.4115384615385,1000.86,60.0045200822961,2277.66449719218
"KS-RFD-MID-check","Keiser","AR-RFD-MID","Soil_41","Soybean-MG4",1997,133,6,-9,64,-9,77,-9,88,-9,125,139,31.4110389866592,8.11828211898801,634.078700575437,762.972340154534,237.990550824199,0.311925529011964,213.191372617163,542.01,0,0,169.801071857014,83.3248239237557,147.268832677358,313.848406539451,31.2040831900197,461.117239216808,0.31937394691096,0,0,0,0,0,0,0,0,0,0,0,0,0,1,542.01,18.5710144927536,30.4210144927536,2986.58,460.797106568884,341.36,19.0574712643678,30.6425287356322,2001.79,370.143497804243,200.65,17.7411764705882,30.043137254902,984.79,90.6536087646407,2735.52357269195
"KS-RFD-MID-check","Keiser","AR-RFD-MID","Soil_41","Soybean-MG4",1998,133,5,-9,52,-9,67,-9,81,-9,120,131,32.3641842143724,5.20000071149404,412.711829879675,730.316167966179,235.096524827716,0.321910612334415,211.348817079818,359.39,0,0,122.429117457103,32.8441624638021,106.752900485076,298.347778078939,0,405.100678564014,0.263521899947167,0,0,0,0,0,0,0,0,0,0,0,0,0,1,335.01,20.1569230769231,32.9846153846154,2819.89,404.479358220455,243.83,20.82,33.31125,1804.06,240.854824264451,91.18,19.096,32.462,1015.83,163.624533956004,2702.2589060657
"KS-RFD-MID-check","Keiser","AR-RFD-MID","Soil_41","Soybean-MG4",1999,133,6,-9,60,-9,73,-9,84,-9,118,130,31.4406475409761,6.87718599024141,572.843512315975,566.723237241278,119.763276456672,0.211325861702197,215.236991001697,205.22,0,0,89.701684705136,17.8677263257125,81.3602171312824,220.711847711112,4.76073096695717,302.072064842394,0.269340421047315,0,0,0,0,0,0,0,0,0,0,0,0,0,1,205.22,20.1372093023256,32.2674418604651,2914.47,301.974005879387,193.79,20.8433734939759,31.9469879518072,1927.05,282.679324909173,11.43,18.8630434782609,32.845652173913,987.42,19.2946809702144,1376.58938455945
"KS-RFD-MID-check","Keiser","AR-RFD-MID","Soil_41","Soybean-MG4",2000,133,6,-9,61,-9,75,-9,86,-9,119,132,31.4220062600985,9.17853137679181,654.287766452287,651.064871765733,140.586857213592,0.215933716147687,216.302727529495,316.99,0,0,105.984989374369,27.3049899668709,120.107054544681,234.679097276599,36.5736472439546,354.78615182128,0.338533660144615,0,0,0,0,0,0,0,0,0,0,0,0,0,1,316.99,20.6748091603053,31.9198473282443,2816.92,354.694864102236,284.72,20.92,31.0764705882353,1861.61,330.444252905039,32.27,20.2217391304348,33.4782608695652,955.31,24.2506111971963,1615.94088751255
"KS-RFD-MID-check","Keiser","AR-RFD-MID","Soil_41","Soybean-MG4",2001,133,5,-9,59,-9,73,-9,84,-9,118,132,31.8056885729279,5.47486720750554,399.838850148749,427.151765292326,111.462066365087,0.260942539448027,215.478429945083,277.64,0,0,122.910065635458,17.9432559170197,133.766086029802,169.778184761258,39.9346601177618,303.54427079106,0.440680648266551,0,0,0,0,0,0,0,0,0,0,0,0,0,1,277.64,19.7312977099237,31.412213740458,2856.58,303.190168824811,225.57,19.8313253012048,31.2674698795181,1943.18,266.031837894164,52.07,19.5583333333333,31.6625,913.4,37.1583309306465,1281.1731766102
"KS-RFD-MID-check","Keiser","AR-RFD-MID","Soil_41","Soybean-MG4",2002,133,9,-9,59,-9,73,-9,84,-9,121,133,31.4819013103342,6.16455260851948,457.631428433939,678.213426299202,237.580488615831,0.350303428689452,229.801226684603,433.57,0,0,164.202121485353,62.8412825412185,131.167149545556,271.504852710926,25.0736141182887,402.672002256482,0.325741916027251,0,0,0,0,0,0,0,0,0,0,0,0,0,1,433.57,20.175,31.4583333333333,2923.14,401.172002256482,195.82,20.1313253012048,31.1048192771084,1964.64,281.241209094514,237.75,20.2489795918367,32.0571428571429,958.5,119.930793161968,2730.81021397507
"KS-RFD-MID-check","Keiser","AR-RFD-MID","Soil_41","Soybean-MG4",2003,133,6,-9,62,-9,75,-9,89,-9,125,148,30.8554634140504,5.8760851579391,661.649420785521,774.592489196889,237.216248782188,0.306246512960818,212.669277499496,499.37,0,0,137.244895051395,85.4107093554185,137.996056060779,279.932705042837,62.2557262122523,417.928761103616,0.330190379088474,0,0,0,0,0,0,0,0,0,0,0,0,0,1,499.37,18.2319727891157,29.4170068027211,3055.44,417.749458511363,397.77,19.4636363636364,29.8568181818182,1944,339.150110448446,101.6,16.3949152542373,28.7610169491525,1111.44,78.5993480629175,2726.62354922055
"KS-RFD-MID-check","Keiser","AR-RFD-MID","Soil_41","Soybean-MG4",2004,133,7,-9,60,-9,76,-9,89,-9,127,139,30.8423748671366,11.9565744387003,975.306865261025,1086.52950096666,316.641241600993,0.291424431015711,217.162860487187,473.97,0,0,95.5647435347017,48.4849304643417,112.151272504526,373.672937349567,55.0851220369007,485.824209854093,0.230847434585873,0,0,0,0,0,0,0,0,0,0,0,0,0,1,473.97,19.2275362318841,30.1239130434783,2873.78,485.704873871186,408.18,20.4761363636364,30.1806818181818,1886.08,407.874407709613,65.79,17.03,30.024,987.7,77.8304661615725,3639.55450116084
"KS-RFD-MID-check","Keiser","AR-RFD-MID","Soil_41","Soybean-MG4",2005,133,6,-9,57,-9,73,-9,84,-9,120,132,32.0030248673705,9.30714767243983,540.051315757311,686.766874632117,225.380152224643,0.328175630697641,215.827943218158,254.77,0,0,105.54696263474,19.276025936045,54.707559806405,281.364679696647,0,336.072239503052,0.162785119911424,0,0,0,0,0,0,0,0,0,0,0,0,0,1,254.77,20.4076335877863,32.4358778625954,2955.6,335.920708731402,131.57,20.1180722891566,31.8626506024096,1965.13,240.64499377487,123.2,20.9083333333333,33.4270833333333,990.47,95.2757149565319,2590.57646235222
"KS-RFD-MID-check","Keiser","AR-RFD-MID","Soil_41","Soybean-MG4",2006,133,7,-9,57,-9,72,-9,85,-9,122,140,31.6679629021044,8.98061193173619,761.062555718278,916.387640608252,263.243745192507,0.287262435160931,215.785086237595,570.75,0,0,177.239494291598,133.66148948705,88.7127704206027,376.86236331802,0,465.575133738623,0.190544477124946,0,0,0,0,0,0,0,0,0,0,0,0,0,1,570.75,19.3676258992806,31.4021582733813,3102.7,464.075133738623,312.44,20.2357142857143,31.9761904761905,2032.08,348.347965789415,258.31,18.0418181818182,30.5254545454545,1070.62,115.727167949207,3025.79017462651
"KS-RFD-MID-check","Keiser","AR-RFD-MID","Soil_41","Soybean-MG4",2007,133,7,-9,58,-9,72,-9,83,-9,116,131,31.3174042863637,7.40952999455262,486.961427962206,476.033385940852,96.032822757119,0.201735478210873,210.51071033927,230.64,0,0,164.061019396879,21.6682703890181,57.0204566800784,187.465268734009,2.28963378016864,244.485725414088,0.233226118144535,0,0,0,0,0,0,0,0,0,0,0,0,0,1,230.64,20.2161538461538,32.8653846153846,2843.87,244.273550923598,130.31,19.8048780487805,31.9170731707317,1888.41,225.527168433067,100.33,20.91875,34.4854166666667,955.46,18.746382490531,1103.8255489324
"KS-RFD-MID-check","Keiser","AR-RFD-MID","Soil_41","Soybean-MG4",2008,133,7,-9,55,-9,69,-9,81,-9,123,140,32.1087605852163,4.81962158992334,309.289307092561,548.820064043845,239.734514970027,0.436818058734227,211.308164027378,390.39,0,0,174.286248148076,50.2332435046494,140.567142839192,209.414788379895,17.8332989366891,349.981931219087,0.401641142871452,0,0,0,0,0,0,0,0,0,0,0,0,0,1,390.39,20.4992805755396,31.2158273381295,2961.87,348.481931219087,154.92,21.2525,32.195,1884.35,230.335315565337,235.47,19.4779661016949,29.8881355932203,1077.52,118.146615653749,2755.56913758651
"KS-RFD-MID-check","Keiser","AR-RFD-MID","Soil_41","Soybean-MG4",2009,133,6,-9,58,-9,74,-9,89,-9,127,146,31.5167876767842,10.341320884317,935.228687361139,1147.24804206821,360.231593721702,0.313996259320079,212.494850318691,569.74,0,0,173.889989175742,53.8976822648568,146.618184374209,395.741443062594,3.54733131897656,542.359627436803,0.270333883565648,0,0,0,0,0,0,0,0,0,0,0,0,0,1,569.74,20.0627586206896,29.8944827586207,2973.25,542.354450249391,426.22,21.0443181818182,30.8204545454545,1994.38,428.485879251536,143.52,18.5473684210526,28.4649122807018,978.87,113.868570997856,4140.59303128393
"KS-RFD-MID-check","Keiser","AR-RFD-MID","Soil_41","Soybean-MG4",2010,133,5,-9,53,-9,68,-9,80,-9,115,127,32.6468904064733,7.12201846120791,459.978075132362,446.604470293157,86.6185268777246,0.193949081658021,212.8577503573,191.03,0,0,117.508058255317,5.92947986404215,94.1793715644496,172.283825053882,4.31725699325528,266.463196618332,0.353442324342252,0,0,0,0,0,0,0,0,0,0,0,0,0,1,191.03,22.7412698412698,33.6063492063492,2899.98,266.219780128079,160.04,23.2569620253165,33.3113924050633,1901.8,251.057871439837,30.99,21.8744680851064,34.1021276595745,998.18,15.1619086882422,995.615251468099
"KS-RFD-MID-check","Keiser","AR-RFD-MID","Soil_41","Soybean-MG4",2011,133,8,-9,58,-9,72,-9,83,-9,119,132,31.8791122411068,8.62597105063424,556.625242684876,590.149050893099,155.899018007369,0.264168887116635,239.220652644296,348.75,0,0,121.398387440007,38.5449971388519,108.681635759848,237.205627013196,72.3934018163082,345.887262773044,0.314211153335127,0,0,0,0,0,0,0,0,0,0,0,0,0,1,348.75,21.5732824427481,32.4206106870229,2890.32,345.533160806794,282.96,22.6158536585366,32.9975609756098,1944.46,306.978381151523,65.79,19.8285714285714,31.4551020408163,945.86,38.5547796552709,1791.94273571688
"KS-RFD-MID-check","Keiser","AR-RFD-MID","Soil_41","Soybean-MG4",2012,133,6,-9,55,-9,70,-9,81,-9,118,137,31.7945222796957,6.3089395988198,442.391217676477,533.499109560905,171.471430729626,0.321409028912447,217.354690973992,351.3,0,0,172.700609028641,52.111834445027,108.254902344818,217.992410893937,7.31832371480996,326.247313238755,0.331818525247425,0,0,0,0,0,0,0,0,0,0,0,0,0,1,351.3,20.6426470588235,32.0794117647059,3113.6,324.747313238755,158.5,21.58,32.69875,1989.38,237.537357709107,192.8,19.3035714285714,31.1946428571429,1124.22,87.2099555296487,1970.935985398
"KS-RFD-MID-check","Keiser","AR-RFD-MID","Soil_41","Soybean-MG4",2013,133,6,-9,58,-9,70,-9,86,-9,123,139,30.8424425581039,5.66128875080495,678.894405757166,948.862199920349,320.203485768464,0.337460471916093,212.392829161915,531.37,0,0,150.362417712908,63.1789497363426,163.357771878574,326.770045869312,31.1081635457076,490.127817747886,0.333296266735471,0,0,0,0,0,0,0,0,0,0,0,0,0,1,529.34,20.5543478260869,30.9224637681159,2995.03,490.117384623157,379.5,21.0423529411765,31.0070588235294,1931.12,354.739707946738,149.84,19.7716981132075,30.7867924528302,1063.91,135.377676676418,3680.49983641912
"KS-RFD-MID-check","Keiser","AR-RFD-MID","Soil_41","Soybean-MG4",2014,133,8,-9,63,-9,78,-9,89,-9,122,136,30.9596955791878,10.4333259292331,836.140083513581,890.066998610875,231.821267158208,0.260453727101455,240.134173474359,434.34,0,0,102.536183591759,24.7392260629742,161.830185985786,298.987740154551,79.498820000878,460.817926140337,0.351180318311885,0,0,0,0,0,0,0,0,0,0,0,0,0,1,434.34,20.0133333333333,30.1133333333333,2844.44,460.700072764694,397.01,20.0943181818182,29.8318181818182,1919.42,407.065577916584,37.33,19.8617021276596,30.6404255319149,925.02,53.6344948481095,2664.6122661863
"KS-RFD-MID-check","Keiser","AR-RFD-MID","Soil_41","Soybean-MG4",2015,133,5,-9,61,-9,75,-9,86,-9,125,138,31.7288612811302,10.5539316754164,718.582456234715,1067.15624429222,380.510933795673,0.356565344419684,215.610411166412,559.35,0,0,93.0690593640095,67.2600352996555,142.373254129078,380.260958159121,83.0332952171118,522.634212288199,0.272414722920145,0,0,0,0,0,0,0,0,0,0,0,0,0,1,559.35,20.9671532846715,30.9773722627737,2954.86,522.464356771011,408.46,22.3541176470588,31.3282352941176,1884.19,358.51493140914,150.89,18.7,30.4038461538462,1070.67,163.949425361871,4373.68889420314
"KS-RFD-MID-check","Keiser","AR-RFD-MID","Soil_41","Soybean-MG4",2016,133,8,-9,57,-9,71,-9,82,-9,121,133,32.051416849498,5.09449333144959,376.053176096469,639.696235143924,270.09722941196,0.422227323803447,216.260967481264,433.84,0,0,157.821858514126,53.0192687077806,135.731259878265,251.585802595286,43.1185686600338,387.31706247355,0.350439660497874,0,0,0,0,0,0,0,0,0,0,0,0,0,1,433.84,21.6598484848485,31.8613636363636,2893.6,387.022670121128,203.44,21.5555555555556,31.4888888888889,1894.47,244.80090719596,230.4,21.8254901960784,32.4529411764706,999.13,142.221762925168,3104.56585530988
"KS-RFD-MID-check","Keiser","AR-RFD-MID","Soil_41","Soybean-MG4",2017,133,5,-9,59,-9,72,-9,86,-9,131,144,31.4972185800046,8.43582118894028,769.722403151751,1205.27263806469,547.946628158323,0.454624630853782,211.44030824315,542.3,0,0,121.403488366868,50.600605880356,113.54161118062,442.545108987934,16.7163486609381,556.086720168553,0.204179684683361,0,0,0,0,0,0,0,0,0,0,0,0,0,1,542.3,19.8916083916084,30.4342657342657,3037.51,555.902061730127,299.97,20.7905882352941,30.9552941176471,1976.16,341.986043310023,242.33,18.5741379310345,29.6706896551724,1061.35,213.916018420104,6298.23710526809
"KS-RFD-MID-check","Keiser","AR-RFD-MID","Soil_41","Soybean-MG4",2018,133,5,-9,53,-9,66,-9,79,-9,118,132,31.3299282362761,6.36382124822151,538.561567087129,710.64414724071,247.873332623515,0.348800920384637,215.13441726992,479.82,0,0,159.051345639188,54.71023284561,140.242744003322,273.590804629747,57.8701753870838,413.83354863307,0.338886841017499,0,0,0,0,0,0,0,0,0,0,0,0,0,1,457.72,22.0259541984733,32.2870229007634,2911.9,413.818268439745,306.08,22.6769230769231,32.9025641025641,1875.45,322.140882523768,151.64,21.0679245283019,31.3811320754717,1036.45,91.677385915977,2849.11876578753
"KS-RFD-MID-check","Keiser","AR-RFD-MID","Soil_41","Soybean-MG4",2019,133,5,-9,58,-9,75,-9,87,-9,120,129,31.5216835071532,14.4364998002233,987.391747229111,989.661394020812,218.925718075523,0.221212749530492,215.741942947819,418.62,0,0,93.2872070695263,53.2441384391442,115.917343793731,352.094724557043,12.999507784801,468.012068350775,0.247680245089004,0,0,0,0,0,0,0,0,0,0,0,0,0,1,418.62,21.18671875,31.95859375,2871.88,467.908557343246,396.26,21.153488372093,31.3023255813954,1993.4,436.819152494658,22.36,21.2547619047619,33.302380952381,878.48,31.0894048485874,2516.38756408648
"RW-RFD-MID-check","Rohwer","AR-RFD-MID","Soil_59","Soybean-MG4",1990,133,6,-9,52,-9,65,-9,77,-9,113,123,28.5814843933237,3.2089059388545,304.088138043179,355.172266675303,110.948862041932,0.312380420578728,268.543366546595,290.09,0,0,137.115366128073,25.6250862704214,149.009365615053,171.769227126242,67.1547358065369,320.778592741295,0.464524033046144,0,0,0,0,0,0,0,0,0,0,0,0,0,1,259.61,20.2196721311475,32.9188524590164,2683.26,320.157272397735,220.74,19.9434210526316,32.125,1748.74,272.683732086044,38.87,20.6760869565218,34.2304347826087,934.52,47.4735403116911,1275.27427634404
"RW-RFD-MID-check","Rohwer","AR-RFD-MID","Soil_59","Soybean-MG4",1991,133,5,-9,49,-9,62,-9,74,-9,113,126,28.5664977048867,4.15702956379564,331.803965436664,467.040904628374,152.308963644486,0.326114826635321,241.911380702682,248.66,0,0,134.685194879764,11.9005597740505,119.212424083941,202.269846253324,14.3111910052018,321.482270337265,0.370821146556156,0,0,0,0,0,0,0,0,0,0,0,0,0,1,248.66,20.7128,32.3832,2658.82,321.302967745012,138.18,21.0753424657534,32.5205479452055,1617.75,238.285922843775,110.48,20.2038461538462,32.1903846153846,1041.07,83.0170449012377,1750.67774304006
"RW-RFD-MID-check","Rohwer","AR-RFD-MID","Soil_59","Soybean-MG4",1992,133,5,-9,56,-9,68,-9,81,-9,120,131,28.4369873055396,5.79985933579534,576.212595712791,684.520522417613,223.605066222981,0.326659404502943,244.444141223941,347.95,0,0,120.928253500981,42.3927366107485,138.023618963409,264.768210071305,19.0015812778537,402.791829034715,0.342667375587487,0,0,0,0,0,0,0,0,0,0,0,0,0,1,347.95,19.3984615384615,30.69,2654.74,402.389905246068,282.42,20.025,30.77625,1674.75,329.78084379706,65.53,18.396,30.552,979.99,72.6090614490076,2570.1731749768
"RW-RFD-MID-check","Rohwer","AR-RFD-MID","Soil_59","Soybean-MG4",1993,133,6,-9,56,-9,69,-9,81,-9,117,132,28.5812267661471,7.27657174211897,670.35879082354,854.887017450987,268.998542870071,0.31465975898446,246.531941191286,445.02,0,0,131.196957372217,50.6912238089444,106.014212709463,389.228994076388,6.97673530650893,495.243206785852,0.214064950829916,0,0,0,0,0,0,0,0,0,0,0,0,0,1,445.02,20.1564885496183,32.4381679389313,2829.28,495.046217846702,278.91,20.77875,32.22625,1837.87,366.904568173277,166.11,19.1803921568628,32.7705882352941,991.41,128.141649673424,3091.93727436863
"RW-RFD-MID-check","Rohwer","AR-RFD-MID","Soil_59","Soybean-MG4",1994,133,6,-9,52,-9,66,-9,81,-9,116,128,28.2930853658839,6.99506232926884,647.008083825071,677.762326257795,170.818620268755,0.252033218210748,242.131646410598,340.62,0,0,129.227509833473,16.9455573574008,121.848801528545,289.235855509639,17.3308206157173,411.084657038184,0.296408049880653,0,0,0,0,0,0,0,0,0,0,0,0,0,1,340.62,19.4393700787401,31.848031496063,2778.16,410.60790117039,285.75,19.96125,31.635,1812.43,365.017698680345,54.87,18.5510638297872,32.2106382978724,965.73,45.5902024900448,1963.43241688224
"RW-RFD-MID-check","Rohwer","AR-RFD-MID","Soil_59","Soybean-MG4",1995,133,5,-9,52,-9,66,-9,78,-9,112,124,27.8613242532051,6.39720425301832,584.994856437777,602.180545852894,144.349865560682,0.239711937814652,242.877490135437,250.18,0,0,98.8303550187426,21.1080126605988,109.69759125627,256.332038666923,2.69256402245436,366.029629923193,0.299695932483086,0,0,0,0,0,0,0,0,0,0,0,0,0,1,250.18,20.2666666666667,32.6487804878049,2738.68,365.911776547549,227.83,19.9402597402597,31.8935064935065,1766.24,330.769410889952,22.35,20.8130434782609,33.9130434782609,972.44,35.1423656575977,1659.19385701934
"RW-RFD-MID-check","Rohwer","AR-RFD-MID","Soil_59","Soybean-MG4",1996,133,6,-9,50,-9,63,-9,76,-9,115,126,28.2138778447451,4.47927512429001,437.184504995176,568.669793197672,186.565062846052,0.328072749911654,242.326729698603,200.41,0,0,105.982258281115,6.23721796575718,85.7966407282244,237.571028412727,0,323.367669140952,0.265322259816972,0,0,0,0,0,0,0,0,0,0,0,0,0,1,200.41,20.3032,31.976,2590.25,323.241788815601,150.12,20.896,32.4053333333333,1656.87,244.61763568604,50.29,19.414,31.332,933.38,78.6241531295607,2144.42600972473
"RW-RFD-MID-check","Rohwer","AR-RFD-MID","Soil_59","Soybean-MG4",1997,133,6,-9,59,-9,71,-9,82,-9,118,129,28.5713446784629,7.29767965943195,683.138123478047,724.092015672554,189.061632696657,0.261101667473922,242.083980135788,510.52,0,0,99.8918715387123,101.299935434566,150.738044069978,305.75386429717,87.1448354737172,456.491908367149,0.33020967361538,0,0,0,0,0,0,0,0,0,0,0,0,0,1,510.52,19.03984375,31.47421875,2785.85,456.38839735962,480.55,19.4617283950617,31.2716049382716,1838.92,409.502010808626,29.97,18.3127659574468,31.8234042553191,946.93,46.8863865509938,2173.1222149041
"RW-RFD-MID-check","Rohwer","AR-RFD-MID","Soil_59","Soybean-MG4",1998,133,5,-9,47,-9,60,-9,75,-9,112,122,28.6808314561893,3.56716061187091,516.396900733387,579.619675477134,157.094418844029,0.27103016942051,241.588358663361,353.83,0,0,112.916511270535,89.3804957897171,88.9323331984337,274.611834472647,20.7277705114065,363.54416767108,0.244625938488156,0,0,0,0,0,0,0,0,0,0,0,0,0,1,339.1,21.201652892562,34.2371900826446,2768.36,363.47539356989,312.94,21.6621621621622,34.1162162162162,1775.58,301.398793768354,26.16,20.4765957446809,34.4276595744681,992.78,62.0765998015365,1805.68297521872
"RW-RFD-MID-check","Rohwer","AR-RFD-MID","Soil_59","Soybean-MG4",1999,133,5,-9,55,-9,69,-9,80,-9,114,125,28.7505155649226,7.91201788198663,673.630685363943,660.479039051223,134.884830422281,0.204222726910521,241.751989911206,216.68,0,0,108.406461459759,8.85914991543307,80.7595911021726,252.644587238333,0,333.404178340505,0.242227291523902,0,0,0,0,0,0,0,0,0,0,0,0,0,1,216.68,20.4645161290323,32.5572580645161,2858.43,333.130164619983,192.04,20.5835443037975,31.8227848101266,1863.73,312.986296492228,24.64,20.2555555555556,33.8466666666667,994.7,20.1438681277543,1550.40034968139
"RW-RFD-MID-check","Rohwer","AR-RFD-MID","Soil_59","Soybean-MG4",2000,133,6,-9,55,-9,67,-9,79,-9,113,123,28.3910050709165,6.72228938589081,574.741128615862,564.731999626938,116.399608969988,0.206114774878848,242.255386312511,201.68,0,0,111.709760514667,14.5832605830313,101.356903426052,204.894056743391,3.98966424146899,306.250960169443,0.330960279667281,0,0,0,0,0,0,0,0,0,0,0,0,0,1,201.68,20.9786885245902,32.6311475409836,2764.21,306.139771093504,177.04,20.6307692307692,31.3653846153846,1790.65,287.964691732632,24.64,21.5954545454545,34.875,973.56,18.1750793608719,1337.92653988492
"RW-RFD-MID-check","Rohwer","AR-RFD-MID","Soil_59","Soybean-MG4",2001,133,5,-9,53,-9,66,-9,78,-9,116,131,28.4655235155779,5.58976196504673,479.382481197687,578.082889345708,204.04204796493,0.352963306344997,241.790533662462,423.66,0,0,180.275088998514,62.8229826373682,140.496119299138,224.514656442084,49.8945396977111,365.010775741222,0.384909511270824,0,0,0,0,0,0,0,0,0,0,0,0,0,1,423.66,20.6007692307692,31.3869230769231,2786.23,364.849015643921,278.13,20.3883116883117,31.3311688311688,1823.81,300.072478010914,145.53,20.9094339622642,31.4679245283019,962.42,64.7765376330068,2345.31089614862
"RW-RFD-MID-check","Rohwer","AR-RFD-MID","Soil_59","Soybean-MG4",2002,133,8,-9,57,-9,70,-9,81,-9,116,126,28.5359593641257,7.08175859881669,578.106970218399,676.630527376538,217.2230522436,0.321036434885412,252.162290141089,197.87,0,0,104.18328573253,5.73985768961016,69.9876970845408,257.460488921297,5.37035353142296,327.448186005838,0.213736707288686,0,0,0,0,0,0,0,0,0,0,0,0,0,1,197.87,20.5488,31.4856,2771.89,327.293464062457,132.59,20.2925,30.6425,1845.24,255.690520147506,65.28,21.0044444444445,32.9844444444445,926.65,71.6029439149511,2496.81669245517
"RW-RFD-MID-check","Rohwer","AR-RFD-MID","Soil_59","Soybean-MG4",2003,133,6,-9,58,-9,70,-9,81,-9,117,133,28.157933134383,6.18093052698894,566.865611309844,687.977043859918,231.571159183352,0.336597218250356,243.085909241081,466.59,0,0,186.16742031293,95.0754735099686,119.395257940129,244.258771139468,58.6233604655686,363.654029079597,0.328321009510925,0,0,0,0,0,0,0,0,0,0,0,0,0,1,466.59,20.075,30.6734848484849,2764.77,363.177273211803,312.16,19.9025,29.9325,1748.97,277.902180175072,154.43,20.3403846153846,31.8134615384615,1015.8,85.2750930367311,2661.73746187761
"RW-RFD-MID-check","Rohwer","AR-RFD-MID","Soil_59","Soybean-MG4",2004,133,6,-9,56,-9,71,-9,83,-9,119,130,28.5143656264207,11.2181811383668,833.623994480531,866.127620408481,214.64633683712,0.247822990260822,252.949889698564,338.07,0,0,100.601722035753,24.170817229891,141.734115963542,289.0822486846,30.4979394254707,430.816364648142,0.328989628978693,0,0,0,0,0,0,0,0,0,0,0,0,0,1,338.07,20.3240310077519,30.3782945736434,2711.07,430.658241002908,304.79,21.1573170731707,29.959756097561,1712.95,385.605052542224,33.28,18.8702127659574,31.1085106382979,998.12,45.0531884606839,2467.19927398988
"RW-RFD-MID-check","Rohwer","AR-RFD-MID","Soil_59","Soybean-MG4",2005,133,6,-9,53,-9,68,-9,80,-9,115,126,29.2063577091636,6.92469510845107,625.71227990326,685.759483238936,187.97202924538,0.274107808699288,242.800593004421,368.29,0,0,135.265240656373,39.1871733922389,134.254771059647,263.773871709397,31.3643566545694,398.028642769045,0.337299271041528,0,0,0,0,0,0,0,0,0,0,0,0,0,1,345.43,20.6656,31.8584,2822.58,397.407322425485,289.05,20.4569620253165,30.8949367088608,1828.28,341.371856920926,56.38,21.0239130434783,33.5130434782609,994.3,56.0354655045592,2160.59803730322
"RW-RFD-MID-check","Rohwer","AR-RFD-MID","Soil_59","Soybean-MG4",2006,133,7,-9,52,-9,64,-9,76,-9,112,125,28.3196716020911,3.96587221435912,371.726356732578,400.687174274516,107.78500088615,0.269000376868328,242.627817330487,108.19,0,0,127.15591310015,0.8598135869324,49.5901236140401,165.322919811869,0,214.913043425909,0.230745062391414,0,0,0,0,0,0,0,0,0,0,0,0,0,1,108.19,20.8064516129032,32.4814516129032,2890.76,214.733740833656,48.51,20.3493333333333,31.88,1832.39,177.397809494854,59.68,21.5061224489796,33.4020408163265,1058.37,37.3359313388026,1238.90805616264
"RW-RFD-MID-check","Rohwer","AR-RFD-MID","Soil_59","Soybean-MG4",2007,133,6,-9,55,-9,71,-9,83,-9,115,130,28.4822131204093,12.5337675706399,841.041280844927,809.958708470422,153.330075525747,0.189306039829247,241.729555906163,352.02,0,0,166.994648948559,56.436968719188,98.162478416008,265.399771691655,0,363.562250107663,0.27000184531518,0,0,0,0,0,0,0,0,0,0,0,0,0,1,352.02,20.9147286821706,31.5782945736434,2764.08,363.330729412383,275.31,20.5853658536585,30.5634146341463,1798.53,347.401947512684,76.71,21.4893617021277,33.3489361702128,965.55,15.9287818996985,1762.41466121549
"RW-RFD-MID-check","Rohwer","AR-RFD-MID","Soil_59","Soybean-MG4",2008,133,7,-9,54,-9,67,-9,79,-9,124,141,28.6471502041658,5.77030685413904,538.444451533523,899.798580858212,424.463601062465,0.471731796528973,241.988390486521,657.62,0,0,223.584436451031,126.715498336257,142.597407675278,329.299689189545,69.2670158149597,471.897096864822,0.302179031451269,0,0,0,0,0,0,0,0,0,0,0,0,0,1,657.62,19.9778571428571,30.4257142857143,2954.55,470.397096864823,195.59,20.2576923076923,31.4384615384615,1861.34,271.165484751748,462.03,19.6258064516129,29.1516129032258,1093.21,199.231612113074,4878.89196623522
"RW-RFD-MID-check","Rohwer","AR-RFD-MID","Soil_59","Soybean-MG4",2009,133,6,-9,53,-9,66,-9,81,-9,120,135,28.9357282958779,4.5457849178578,512.685022380545,807.514065091408,270.379382927913,0.334829317056301,254.659217437273,472.17,0,0,221.157587262328,29.5129503825835,149.36897905646,299.626789898904,19.2621959806694,448.995768955364,0.332673466843536,0,0,0,0,0,0,0,0,0,0,0,0,0,1,456.42,20.3522388059701,30.3619402985074,2819.41,447.495768955365,268.45,20.41625,30.60875,1832.1,290.726595036826,187.97,20.2574074074074,29.9962962962963,987.31,156.769173918539,3107.80899917142
"RW-RFD-MID-check","Rohwer","AR-RFD-MID","Soil_59","Soybean-MG4",2010,133,5,-9,48,-9,63,-9,76,-9,113,125,28.9748892102621,6.10083683433867,502.195101826559,711.606736705769,239.618074231051,0.336728226239554,239.954497695522,329.7,0,0,108.47146812021,39.6055726221025,112.747887760972,299.75402889017,0,412.501916651142,0.273326942760182,0,0,0,0,0,0,0,0,0,0,0,0,0,1,329.7,22.208064516129,33.2733870967742,2812.94,412.32261405889,193.55,22.1106666666667,32.6413333333333,1752.72,282.804312403494,136.15,22.3571428571429,34.2408163265306,1060.22,129.518301655395,2754.23073828795
"RW-RFD-MID-check","Rohwer","AR-RFD-MID","Soil_59","Soybean-MG4",2011,133,8,-9,51,-9,65,-9,77,-9,118,134,28.5009436862473,5.9015564043006,490.118965889548,791.1736761017,331.007607941868,0.418375405982692,241.968104570068,378.19,0,0,151.572652182006,29.3647154076047,93.7941482209548,335.720440723886,0.572723286649346,429.51458894484,0.218372438643755,0,0,0,0,0,0,0,0,0,0,0,0,0,1,378.19,20.8616541353384,31.887969924812,2972.74,429.037833077047,156.46,21.5223684210526,32.2,1815.9,263.680488563051,221.73,19.980701754386,31.4719298245614,1156.84,165.357344513996,3804.6851487571
"RW-RFD-MID-check","Rohwer","AR-RFD-MID","Soil_59","Soybean-MG4",2012,133,6,-9,53,-9,67,-9,79,-9,116,133,28.641228321627,7.22326322644046,634.468770494867,742.361014826117,236.818895898125,0.319007721537741,247.524249016818,434.84,0,0,204.847551381752,96.6931494801188,86.5277590278677,282.659609578278,4.62941912115758,369.187368606145,0.234373563089524,0,0,0,0,0,0,0,0,0,0,0,0,0,1,434.84,20.5742424242424,31.5833333333333,2997.01,367.687368606145,182.35,20.5641025641026,31.5679487179487,1900.79,281.301002930353,252.49,20.5888888888889,31.6055555555556,1096.22,86.386365675792,2722.05627469109
"RW-RFD-MID-check","Rohwer","AR-RFD-MID","Soil_59","Soybean-MG4",2013,133,6,-9,52,-9,65,-9,78,-9,115,128,28.5154229131365,4.05922235492004,410.662750654392,514.809336021859,179.068891037549,0.347835360604156,238.502914598311,267.73,0,0,128.394410250541,19.1824051244215,145.042484175972,191.006821074635,15.5199105774458,336.049305250606,0.431610724705434,0,0,0,0,0,0,0,0,0,0,0,0,0,1,267.73,20.4606299212598,31.2188976377953,2891.81,335.86464681218,182.63,20.3207792207792,30.4480519480519,1811.44,268.153124914339,85.1,20.676,32.406,1080.37,67.7115218978416,2058.26311537413
"RW-RFD-MID-check","Rohwer","AR-RFD-MID","Soil_59","Soybean-MG4",2014,133,8,-9,55,-9,71,-9,84,-9,121,136,28.5905798954331,7.52116196587972,654.058835417165,935.503064673169,360.995366985446,0.385883681857915,249.41421143628,550.19,0,0,134.847874246703,78.8533174863114,161.126278403912,330.648499576919,88.0738046937141,491.774777980831,0.327642420104336,0,0,0,0,0,0,0,0,0,0,0,0,0,1,550.19,19.8992592592593,29.682962962963,2867.15,491.517418667951,359.43,19.7951807228916,29.1,1826.94,342.30166599213,190.76,20.0653846153846,30.6134615384615,1040.21,149.215752675821,4149.37203431547
"RW-RFD-MID-check","Rohwer","AR-RFD-MID","Soil_59","Soybean-MG4",2015,133,5,-9,54,-9,69,-9,80,-9,116,128,28.4395037491769,9.4463359201238,715.553207268979,763.516721502287,201.183613787233,0.263496015373948,243.38737918603,435.63,0,0,127.924927804803,73.4160051658452,136.595957217293,271.621659571711,61.700112356424,408.217616789005,0.334615537398268,0,0,0,0,0,0,0,0,0,0,0,0,0,1,435.63,21.0251968503937,31.1188976377953,2840.18,407.974200298752,369.84,21.3354430379747,30.7607594936709,1808.43,362.03303491299,65.79,20.5145833333333,31.7083333333333,1031.75,45.9411653857615,2312.45533088774
"RW-RFD-MID-check","Rohwer","AR-RFD-MID","Soil_59","Soybean-MG4",2016,133,8,-9,55,-9,68,-9,80,-9,122,134,28.2859722677114,6.30780040087169,561.728048785144,1019.71058984695,471.178294107854,0.462070609837025,242.616074745631,477.25,0,0,126.402626133203,62.0552858603263,126.401196524987,356.6351284639,40.5783737068562,483.036324988887,0.26168051963358,0,0,0,0,0,0,0,0,0,0,0,0,0,1,477.25,21.6278195488722,30.7857142857143,2916.99,482.866469471699,226.3,21.2025316455696,30.3341772151899,1838.79,276.795621009805,250.95,22.25,31.4462962962963,1078.2,206.070848461893,5415.84246100982
"RW-RFD-MID-check","Rohwer","AR-RFD-MID","Soil_59","Soybean-MG4",2017,133,6,-9,58,-9,71,-9,82,-9,128,142,27.5019496541796,9.17343587105966,777.3206566055,1231.52326003844,570.098283887857,0.462921247520782,261.131380952089,619.26,0,0,146.264799099625,116.135541256323,144.353289606944,409.587859420083,57.7377749049806,553.941149027027,0.260593187309688,0,0,0,0,0,0,0,0,0,0,0,0,0,1,619.26,20.2787234042553,29.3609929078014,2887.91,553.775489417093,301.25,20.6740740740741,29.4283950617284,1805.87,345.674972301465,318.01,19.745,29.27,1082.04,208.100517115628,6552.85383779146
"RW-RFD-MID-check","Rohwer","AR-RFD-MID","Soil_59","Soybean-MG4",2018,133,5,-9,49,-9,63,-9,75,-9,119,134,28.5949960827275,6.20131956148231,529.012281042571,971.075619998449,474.128638112784,0.488250995441057,241.851248431334,478.51,0,0,165.02049998766,65.0409454277346,126.605104934642,341.564125456337,14.4811243830132,468.16923039098,0.270425941553039,0,0,0,0,0,0,0,0,0,0,0,0,0,1,476.48,21.8646616541353,31.0518796992481,2898.14,468.023531027309,187.44,22.2432432432432,31.6959459459459,1792.62,277.340869439135,289.04,21.3898305084746,30.2440677966102,1105.52,190.682661588174,5449.75446106649
"RW-RFD-MID-check","Rohwer","AR-RFD-MID","Soil_59","Soybean-MG4",2019,133,6,-9,55,-9,70,-9,83,-9,117,126,28.0703806881659,11.2182845779146,1041.73069711882,1072.8360741378,258.648390241504,0.241088453750374,242.904674886215,373.91,0,0,104.535177760303,57.2402743497955,98.5730144006848,340.335308430845,9.01043418227871,438.908322831529,0.224586796998427,0,0,0,0,0,0,0,0,0,0,0,0,0,1,373.91,21.52,31.1584,2886.06,438.746562734228,335.81,21.0890243902439,30.2548780487805,1936.89,389.770382155042,38.1,22.3418604651163,32.8813953488372,949.17,48.9761805791864,2972.97000277591
"EU-RFD-MID-check","Eustis","NE-RFD-MID","Soil_77","Soybean-MG3",1990,144,9,-9,66,-9,78,-9,91,-9,125,175,28.6324018163699,3.84662206363307,465.056035962331,487.250806194272,111.636350941605,0.229114758810876,210.838129228677,233.91,0,0,117.510640485809,4.66885733164257,112.972156064505,195.855345405596,2.90227716509825,308.827501470101,0.365809895578366,0,0,0,0,0,0,0,0,0,0,0,0,0,1,233.91,11.5890804597701,25.6298850574713,3482.2,308.623342303137,184.13,15.5344444444444,28.5033333333333,2160.94,272.633263723415,49.78,7.36190476190476,22.5511904761905,1321.26,35.9900785797217,1283.17644760466
"EU-RFD-MID-check","Eustis","NE-RFD-MID","Soil_77","Soybean-MG3",1991,144,7,-9,62,-9,73,-9,87,-9,127,174,29.5272363177939,3.93230065135502,387.89246202297,428.568483738864,123.139242857341,0.287326874302713,207.299090197379,271.26,0,0,124.780068569135,10.265520968589,113.196291891539,182.604352387827,35.1005256380837,295.800644279366,0.382677638067049,0,0,0,0,0,0,0,0,0,0,0,0,0,1,271.26,11.1514450867052,25.2317919075145,3376.19,295.78995983402,191.51,16.546511627907,29.7383720930233,2003.29,252.403218027614,79.75,5.8183908045977,20.7770114942529,1372.9,43.3867418064062,1415.39359606139
"EU-RFD-MID-check","Eustis","NE-RFD-MID","Soil_77","Soybean-MG3",1992,144,16,-9,81,-9,91,-9,105,-9,222,222,24.3848078729174,6.99550460486316,788.345502377506,873.871487630981,258.050346451923,0.295295532700676,206.968987429072,563.08,0,0,138.663676179943,47.5079867670972,180.188647431605,318.048179245909,78.2392365225312,498.236826677514,0.361652607321684,0,0,0,0,0,0,0,0,0,0,0,0,0,4,563.08,5.9131221719457,17.9131221719457,3344.31,498.236826677515,446.25,12.9019230769231,25.1961538461538,2114.35,429.629279807492,116.83,-0.2991452991453,11.4393162393162,1229.96,68.607546870022,2966.095936229
"EU-RFD-MID-check","Eustis","NE-RFD-MID","Soil_77","Soybean-MG3",1993,144,9,-9,77,-9,86,-9,98,-9,222,222,25.6780471583713,9.59569963247128,1025.55077724525,1242.026336432,437.383530141146,0.352153184929742,207.517191950544,889.73,0,0,140.473636998463,150.213629601367,220.663546742953,439.783376225191,137.843554746059,660.446922968144,0.33411246092458,0,0,0,0,0,0,0,0,0,0,0,0,0,4,889.73,6.84298642533937,19.2393665158371,3469.58,660.446922968144,734.05,15.1876288659794,26.9742268041237,2127,505.37928962093,155.68,0.31532258064516,13.1887096774194,1342.58,155.067633347214,5027.3968981741
"EU-RFD-MID-check","Eustis","NE-RFD-MID","Soil_77","Soybean-MG3",1994,144,7,-9,70,-9,81,-9,92,-9,132,222,28.0119541105331,8.07153101725529,881.522724406326,862.131855771894,174.258218253017,0.202124787625436,206.648191606354,482.83,0,0,186.618668784169,18.0345950147651,147.382418637836,327.580883031352,0,474.963301669188,0.310302749959591,0,0,0,0,0,0,0,0,0,0,0,0,0,4,482.83,7.90090497737557,21.1280542986425,3755.06,474.963301669189,351.26,15.2538461538462,28.9241758241758,2271.06,449.372193125693,131.57,2.75384615384615,15.6707692307692,1484,25.5911085434954,2002.96802589675
"EU-RFD-MID-check","Eustis","NE-RFD-MID","Soil_77","Soybean-MG3",1995,144,11,-9,68,-9,79,-9,89,-9,135,222,27.1945878319141,4.20694445560956,343.186543076303,380.555290449927,106.373698062107,0.279522321017645,210.760736020937,327.18,0,0,114.017388981103,30.2569379174474,149.873432368111,170.489952675828,60.4664023755889,320.363385043939,0.467823226263997,0,0,0,0,0,0,0,0,0,0,0,0,0,4,327.18,6.9316742081448,20.6361990950226,3701.52,320.36338504394,265.95,15.0965909090909,28.4079545454545,2067.94,277.74451282413,61.23,1.52932330827067,15.493984962406,1633.58,42.6188722198092,1222.68618462193
"EU-RFD-MID-check","Eustis","NE-RFD-MID","Soil_77","Soybean-MG3",1996,144,11,-9,74,-9,87,-9,100,-9,222,222,27.207964872672,12.0845297289467,1118.89881676303,1349.24313697381,460.510951656353,0.341310575564033,227.130718691894,862.09,0,0,174.175211152827,135.752339393516,185.554970099321,452.560540827605,134.342942599827,638.115510926926,0.290785863878757,0,0,0,0,0,0,0,0,0,0,0,0,0,4,862.09,6.75656108597285,18.8235294117647,3481.55,638.115510926926,639.33,15.5242424242424,26.989898989899,2151.19,501.344246614676,222.76,-0.358196721311477,12.1967213114754,1330.36,136.77126431225,5293.22932938336
"EU-RFD-MID-check","Eustis","NE-RFD-MID","Soil_77","Soybean-MG3",1997,144,11,-9,66,-9,77,-9,93,-9,136,222,28.4080283366949,3.74073608437364,497.546388702426,644.112725790476,243.324435610089,0.377766850222488,230.822273775457,430.26,0,0,211.336530163234,31.2709418347399,102.748406681144,264.367077829946,40.1168392701003,367.11548451109,0.279880340155033,0,0,0,0,0,0,0,0,0,0,0,0,0,4,430.26,8.04796380090498,20.120814479638,3703.36,367.11548451109,175.5,15.079347826087,27.7815217391304,2175.67,245.621027567228,254.76,3.03333333333334,14.6573643410853,1527.69,121.494456943861,2796.83259321941
"EU-RFD-MID-check","Eustis","NE-RFD-MID","Soil_77","Soybean-MG3",1998,144,7,-9,69,-9,82,-9,92,-9,125,183,27.6974198490945,9.40052907358342,779.222170588686,795.556547258071,181.512510943632,0.228157899736009,205.472017525774,393.97,0,0,142.140050008987,34.8351870229695,100.133910061749,311.946658977195,0,412.080569038944,0.242995951726823,0,0,0,0,0,0,0,0,0,0,0,0,0,1,393.97,11.7417582417582,24.7818681318681,3402.74,410.580569038944,289.32,15.7593406593407,28.4703296703297,2126.54,351.265804987468,104.65,7.72417582417582,21.0934065934066,1276.2,59.3147640514757,2086.35070050152
"EU-RFD-MID-check","Eustis","NE-RFD-MID","Soil_77","Soybean-MG3",1999,144,7,-9,67,-9,79,-9,93,-9,149,222,28.2075287255416,6.39884173612567,704.719830430131,731.838104914759,179.946125852943,0.245882422142943,202.701535692578,439.66,0,0,85.1045030277684,49.0704479981033,177.039131264564,285.652679058901,34.5769833066418,462.691810323465,0.382628625176653,0,0,0,0,0,0,0,0,0,0,0,0,0,4,439.66,8.05067873303168,21.8592760180996,3781.27,462.691810323465,407.9,15.825,28.0032608695652,2122.3,422.097973711376,31.76,2.5062015503876,17.477519379845,1658.97,40.5938366120894,2068.34627417175
"EU-RFD-MID-check","Eustis","NE-RFD-MID","Soil_77","Soybean-MG3",2000,144,6,-9,68,-9,77,-9,86,-9,118,151,28.8340123418725,5.86931919515727,531.229713580882,544.512532075892,129.963350215037,0.238678345417628,206.114061787844,308.1,0,0,105.511933310276,61.6844194413621,102.512640187602,230.743081520922,2.99497843559751,333.255721708524,0.307609542792075,0,0,0,0,0,0,0,0,0,0,0,0,0,1,308.1,13.5113333333333,28.4833333333334,3240.39,333.124159112955,248.67,15.9388235294118,30.3811764705882,2108.47,297.479224736141,59.43,10.3369230769231,26.0015384615385,1131.92,35.644934376814,1493.83161166709
"EU-RFD-MID-check","Eustis","NE-RFD-MID","Soil_77","Soybean-MG3",2001,144,10,-9,65,-9,74,-9,85,-9,132,222,29.401259255809,4.45385012251238,328.42777922467,597.121751017411,245.793965602003,0.411631237989915,208.13271716262,445.78,0,0,184.582865304354,50.8093965744576,130.17813950628,262.268609729135,13.2612042133976,392.446749235415,0.331709052909471,0,0,0,0,0,0,0,0,0,0,0,0,0,4,445.78,8.7289592760181,22.5678733031674,3902.93,392.446749235415,206.5,16.4166666666667,30.0285714285714,2091.53,231.351389387554,239.28,4.01532846715328,17.9934306569343,1811.4,161.095359847861,2825.21799542532
"EU-RFD-MID-check","Eustis","NE-RFD-MID","Soil_77","Soybean-MG3",2002,144,8,-9,58,-9,68,-9,79,-9,123,222,30.0138016179394,2.80714260683371,212.326558698456,397.078296633655,166.661894186644,0.419720482331993,207.623094669066,303.51,0,0,144.21875029464,31.2056127169643,126.893113929498,189.006797118373,6.89171814878499,315.899911047872,0.401687716557378,0,0,0,0,0,0,0,0,0,0,0,0,0,4,303.51,8.14570135746606,22.1787330316742,3891.04,315.899911047872,86.6,17.0833333333333,32.1025641025641,2033.04,179.851693438352,216.91,3.27062937062937,16.7657342657343,1858,136.048217609519,1915.65395616832
"EU-RFD-MID-check","Eustis","NE-RFD-MID","Soil_77","Soybean-MG3",2003,144,7,-9,64,-9,74,-9,86,-9,129,179,28.8913932028751,3.37901590848217,359.417439482406,402.192890064493,120.602794728077,0.299863069953171,234.88836584086,248.4,0,0,114.889402825735,6.11684816879071,138.987398395068,183.733126014803,27.5687643953174,322.720524409871,0.430674183643019,0,0,0,0,0,0,0,0,0,0,0,0,0,1,248.4,11.3196629213483,25.7174157303371,3590.05,322.602671034227,169.14,16.0282352941176,29.8329411764706,2133.33,273.603858400908,79.26,7.01612903225806,21.9559139784946,1456.72,48.9988126333183,1386.23901986295
"EU-RFD-MID-check","Eustis","NE-RFD-MID","Soil_77","Soybean-MG3",2004,144,7,-9,72,-9,83,-9,95,-9,138,222,27.0789994323626,6.31037010178124,694.476638591428,758.522983342649,215.417138472239,0.283995532373905,209.084171278313,440.94,0,0,189.00929063383,36.2958770777969,110.435591141341,303.795983714331,1.50035321608228,414.231574855672,0.266603508387354,0,0,0,0,0,0,0,0,0,0,0,0,0,4,440.94,7.84796380090497,21.2321266968326,3759.43,414.231574855672,257.05,14.4159574468085,27.8031914893617,2213.28,349.730847010086,183.89,2.98661417322835,16.3685039370079,1546.15,64.5007278455856,2476.05906289929
"EU-RFD-MID-check","Eustis","NE-RFD-MID","Soil_77","Soybean-MG3",2005,144,9,-9,64,-9,74,-9,86,-9,124,163,29.5482770661553,3.20411397326444,257.751264619702,462.030649271308,173.88219241663,0.376343415076183,202.950336164005,350.74,0,0,125.845514732894,25.6608173171104,135.040283929965,199.828104365924,54.9471375853257,334.868388295889,0.403263755701668,0,0,0,0,0,0,0,0,0,0,0,0,0,1,350.74,13.3388888888889,26.987037037037,3348.27,334.6778633152,200.9,16.0105882352941,29.6129411764706,2063.35,222.913001745407,149.84,10.3896103896104,24.0883116883117,1284.92,111.764861569793,1998.64588984633
"EU-RFD-MID-check","Eustis","NE-RFD-MID","Soil_77","Soybean-MG3",2006,144,5,-9,63,-9,73,-9,87,-9,159,222,29.4154555385073,6.27966075854734,706.199798546565,882.273874537119,291.614283694967,0.330525806227643,206.766734656461,554.48,0,0,188.868383310564,57.5199677705491,128.836074426473,355.18737436839,18.2862495631988,484.023448794863,0.266177340678956,0,0,0,0,0,0,0,0,0,0,0,0,0,4,554.48,7.65972850678733,21.0131221719457,3748.71,484.023448794863,381.25,16.8860465116279,30.6046511627907,2151.2,377.900507230643,173.23,1.78222222222222,14.902962962963,1597.51,106.12294156422,3351.88831833296
"EU-RFD-MID-check","Eustis","NE-RFD-MID","Soil_77","Soybean-MG3",2007,144,9,-9,65,-9,77,-9,88,-9,133,222,28.6579626595781,7.38124025820458,564.34407014024,729.999620702468,268.977778596316,0.368462901853952,206.164626452256,554.22,0,0,172.883441484746,79.7194123324523,139.392187144348,289.827739464541,67.7062931139941,429.21992660889,0.3247570266498,0,0,0,0,0,0,0,0,0,0,0,0,0,4,554.22,8.079185520362,20.9380090497738,3736.84,429.21992660889,353.56,16.8206896551724,28.9436781609195,2062.36,325.755707286329,200.66,2.40373134328358,15.7402985074627,1674.48,103.464219322561,3091.69860455535
"EU-RFD-MID-check","Eustis","NE-RFD-MID","Soil_77","Soybean-MG3",2008,144,9,-9,66,-9,75,-9,89,-9,139,222,27.7896003223084,4.5630495923596,465.049124805925,572.355293950644,206.057119173059,0.360016097257988,225.10623001716,590.83,0,0,212.220319572759,66.6631942795829,182.017817149668,230.663682305282,112.544032734359,412.68149945495,0.441061247935922,0,0,0,0,0,0,0,0,0,0,0,0,0,4,590.83,7.24072398190045,20.0248868778281,3746.03,412.681499454951,299.74,15.5511363636364,28.7147727272727,2112.6,310.838315515585,291.09,1.74210526315789,14.2751879699248,1633.43,101.843183939366,2368.4726341731
"EU-RFD-MID-check","Eustis","NE-RFD-MID","Soil_77","Soybean-MG3",2009,144,7,-9,71,-9,81,-9,94,-9,222,222,27.9368186713891,5.36964092467051,595.261597260705,664.401344174275,190.681759978643,0.286997854008896,237.255222872451,578.17,0,0,210.079900662228,70.4757712082693,170.77542210041,245.534066398336,109.233418512014,416.309488498746,0.410212658655087,0,0,0,0,0,0,0,0,0,0,0,0,0,4,578.17,5.97330316742081,18.5592760180996,3553.84,416.309488498746,360.68,14.7333333333333,27.5978494623656,2175.34,339.79964155381,217.49,-0.391406249999999,11.9921875,1378.5,76.5098469449366,2191.74436757061
"EU-RFD-MID-check","Eustis","NE-RFD-MID","Soil_77","Soybean-MG3",2010,144,6,-9,69,-9,79,-9,90,-9,138,222,28.1360508587811,9.16469841777504,857.347666656989,996.439249660957,313.100294334009,0.314219150279902,204.657814590536,579.11,0,0,104.53009049689,43.9426310787973,187.820941292686,408.717896212819,27.8821187589376,596.538837505505,0.314851153829449,0,0,0,0,0,0,0,0,0,0,0,0,0,4,579.11,6.92081447963801,21.2864253393665,3903.96,596.538837505504,461.5,16.1640449438202,29.1595505617978,2185.25,489.005526010173,117.61,0.688636363636364,15.9780303030303,1718.71,107.533311495332,3598.85395786218
"EU-RFD-MID-check","Eustis","NE-RFD-MID","Soil_77","Soybean-MG3",2011,144,9,-9,67,-9,76,-9,89,-9,154,222,28.3721104452731,5.49855613671242,599.289896109468,682.945768411879,204.399300086821,0.299290675103135,208.883404753847,548.36,0,0,165.333162971473,72.2806594373825,179.821264232684,263.020260295016,64.9070689668736,442.841524527699,0.406062336689106,0,0,0,0,0,0,0,0,0,0,0,0,0,4,548.36,6.72398190045249,20.7674208144796,3786.8,442.8415245277,336.02,16.1806818181818,28.8943181818182,2102.37,340.968175142755,212.34,0.46691729323308,15.3902255639098,1684.43,101.873349384945,2349.41724237725
"EU-RFD-MID-check","Eustis","NE-RFD-MID","Soil_77","Soybean-MG3",2012,144,7,-9,62,-9,72,-9,86,-9,129,222,29.7132500739035,3.741869477345,385.762231311158,400.755948938211,99.3723177866815,0.247962177604512,203.839458221059,244.34,0,0,126.004463897576,8.87441184253618,96.6430718901724,199.212927611822,3.10226019021878,295.855999501995,0.326655778665461,0,0,0,0,0,0,0,0,0,0,0,0,0,4,244.34,6.10271493212669,22.2927601809955,4015,295.855999501995,171.18,15.86,31.16,2216.47,264.326482193948,73.16,0.00441176470588277,16.7507352941176,1798.53,31.5295173080466,1142.2105492722
"EU-RFD-MID-check","Eustis","NE-RFD-MID","Soil_77","Soybean-MG3",2013,144,6,-9,67,-9,80,-9,92,-9,126,222,28.7862644286359,5.93662709947659,457.849978116841,498.060159853626,134.945218225953,0.270941603250523,207.888418329099,372.1,0,0,170.004809506141,29.5991532035146,163.650520427861,187.535813835629,18.6668162630736,351.18633426349,0.465993418482727,0,0,0,0,0,0,0,0,0,0,0,0,0,4,372.1,6.95339366515837,20.8511312217195,3753.53,351.186334263491,189.98,15.0593406593407,28.5824175824176,2119.17,268.879747919407,182.12,1.27923076923077,15.4392307692308,1634.36,82.3065863440839,1551.09446236728
"EU-RFD-MID-check","Eustis","NE-RFD-MID","Soil_77","Soybean-MG3",2014,144,6,-9,69,-9,79,-9,91,-9,222,222,27.841529976036,5.39912239919644,664.349419193546,934.658265688939,381.102281736442,0.407745050492364,208.654355056761,551.18,0,0,121.313426046856,38.8565800742499,166.608465037266,365.519415201625,55.7723224435043,532.127880238891,0.31309854496342,0,0,0,0,0,0,0,0,0,0,0,0,0,4,551.18,6.44072398190045,20.2348416289593,3830.51,532.127880238892,363.98,15.0144444444444,28.4277777777778,2232.39,385.782907595699,187.2,0.550381679389314,14.606106870229,1598.12,146.344972643192,4380.4859969706
"EU-RFD-MID-check","Eustis","NE-RFD-MID","Soil_77","Soybean-MG3",2015,144,10,-9,68,-9,78,-9,93,-9,128,165,27.4811277832894,5.29910316640575,607.788994058762,656.77651643149,180.151896938257,0.274297104770264,211.078180394099,453.39,0,0,133.732114971555,51.8480345007475,147.388437290443,261.702495635328,58.6564360447461,409.090932925772,0.360282825718815,0,0,0,0,0,0,0,0,0,0,0,0,0,1,451.1,12.9439024390244,26.6426829268293,3256.45,408.893943986622,367.53,15.0195652173913,28.2119565217391,2170.79,357.507867086511,83.57,10.2916666666667,24.6375,1085.66,51.3860769001108,2070.71145906043
"EU-RFD-MID-check","Eustis","NE-RFD-MID","Soil_77","Soybean-MG3",2016,144,8,-9,63,-9,74,-9,86,-9,130,159,29.1968348946964,4.76607674968826,388.933998471732,487.91917027736,183.528125487322,0.376144526936694,208.005159978252,237.79,0,0,88.1295463095612,4.40423368320939,125.576196739343,205.151647507785,12.3166922793333,330.727844247129,0.379696475285309,0,0,0,0,0,0,0,0,0,0,0,0,0,1,237.79,13.2196202531646,27.2677215189873,3273.36,330.615412719446,164.88,16.3494117647059,29.5741176470588,2125.62,261.687673359882,72.91,9.57534246575342,24.5821917808219,1147.74,68.9277393595638,2109.51868376232
"EU-RFD-MID-check","Eustis","NE-RFD-MID","Soil_77","Soybean-MG3",2017,144,9,-9,65,-9,80,-9,93,-9,135,222,28.838258758882,8.12029813411801,734.150633911627,787.237517931781,207.253676657721,0.263267021625462,207.631895384224,406.68,0,0,145.958406118739,51.9061047933213,96.7749745583841,307.990530611676,2.37011794469626,404.76550517006,0.23908898688816,0,0,0,0,0,0,0,0,0,0,0,0,0,4,406.68,6.97285067873303,21.7085972850679,3812.54,404.765505170061,239.54,15.2152173913043,29.2402173913044,2261.7,319.043404265429,167.14,1.09457364341085,16.3372093023256,1550.84,85.7221009046313,2382.22616847955
"EU-RFD-MID-check","Eustis","NE-RFD-MID","Soil_77","Soybean-MG3",2018,144,5,-9,64,-9,76,-9,90,-9,156,222,29.1873945565131,7.59813336069902,841.412949998445,1122.34933770371,431.559550096113,0.384514460514647,202.409398498675,678.038,0,0,218.277500203682,68.0123862014891,139.235867698411,431.619607942707,10.608616091737,570.855475641119,0.243907387490744,0,0,0,0,0,0,0,0,0,0,0,0,0,4,678.038,7.66244343891403,20.5429864253394,3677.24,570.855475641119,376.67,16.6921348314607,29.7730337078652,2172.2,404.164477553848,301.368,1.57424242424243,14.319696969697,1505.04,166.690998087271,4960.4545988059
"EU-RFD-MID-check","Eustis","NE-RFD-MID","Soil_77","Soybean-MG3",2019,144,9,-9,68,-9,77,-9,89,-9,129,222,27.720553949865,5.3542571246857,585.629650771602,740.289293353818,251.625755558253,0.339901924581786,227.156954727305,638.039999999999,0,0,147.981100071462,112.561255665837,201.042235989273,293.351850169089,100.228717786683,494.394086158361,0.406643690970195,0,0,0,0,0,0,0,0,0,0,0,0,0,4,638.039999999999,7.15746606334841,20.5384615384615,3748.65,494.394086158362,480.82,16.1409090909091,28.5534090909091,2137.11,400.528523111455,157.22,1.21353383458647,15.2353383458647,1611.54,93.8655630469062,2892.25006388797
"LN-RFD-MID-check","Lincoln","NE-RFD-MID","Soil_95","Soybean-MG3",1990,144,8,-9,65,-9,79,-9,91,-9,120,152,29.6838434910722,8.86088910177309,770.423103514163,773.147549516366,169.992889866398,0.219871213421985,347.348421381656,398.76,0,0,207.947661755911,91.114892005295,113.3090598256,313.591525955927,8.6402318155711,426.900585781526,0.265422591581047,0,0,0,0,0,0,0,0,0,0,0,0,0,1,398.25,15.0483443708609,28.7423841059603,3052.25,426.738825684225,343.65,17.4022222222222,29.8511111111111,2011.86,388.791735230433,54.6,11.5754098360656,27.1065573770492,1040.39,37.9470904537918,1953.94126283216
"LN-RFD-MID-check","Lincoln","NE-RFD-MID","Soil_95","Soybean-MG3",1991,144,5,-9,61,-9,72,-9,85,-9,114,140,31.0023104612147,5.64243581032872,504.65996155152,501.85573928757,107.841730996774,0.214885917514594,346.833159327135,265.41,0,0,185.982480900548,21.6638362421124,122.727481610094,244.642967577891,23.0687112257682,367.370449187985,0.334070097040641,0,0,0,0,0,0,0,0,0,0,0,0,0,1,265.41,15.6705035971223,30.3122302158273,2874.54,367.236814357992,233.66,17.9238095238095,31.5404761904762,1896.32,343.294760527642,31.75,12.2290909090909,28.4363636363636,978.22,23.9420538303495,1239.56012639971
"LN-RFD-MID-check","Lincoln","NE-RFD-MID","Soil_95","Soybean-MG3",1992,144,12,-9,76,-9,87,-9,99,-9,158,222,26.8209366135775,8.70953036100716,838.062284971425,964.406201865342,299.501361154432,0.310555200262234,333.778710660904,458.18,0,0,258.688484536743,16.0302023536811,124.47520670988,370.392016627571,12.3740031181734,494.867223337451,0.251532534061162,0,0,0,0,0,0,0,0,0,0,0,0,0,4,458.18,7.32624434389141,19.5126696832579,3251.84,494.867223337451,291.82,14.6408163265306,27.2285714285714,2005.47,402.393542984433,166.36,1.49837398373983,13.3650406504065,1246.37,92.4736803530181,3442.54438108542
"LN-RFD-MID-check","Lincoln","NE-RFD-MID","Soil_95","Soybean-MG3",1993,144,8,-9,75,-9,84,-9,93,-9,222,222,27.5654886400339,11.01667026084,899.833222573066,1144.40855671607,427.760014857301,0.373782607921751,329.781805304161,741.44,0,0,274.96164387926,82.027415703289,215.480248251764,438.44891865837,51.8819495478849,653.929166910134,0.329516190981241,0,0,0,0,0,0,0,0,0,0,0,0,0,4,741.44,7.57466063348416,19.9298642533937,3269.02,653.929166910135,500.9,16.5336956521739,28.4673913043478,1894.12,512.712684057377,240.54,1.18527131782946,13.8410852713178,1374.9,141.216482852758,4916.78177996898
"LN-RFD-MID-check","Lincoln","NE-RFD-MID","Soil_95","Soybean-MG3",1994,144,7,-9,68,-9,80,-9,92,-9,137,222,28.332526933945,7.70758835018131,795.335139138264,906.22394548545,279.296075723818,0.308197633835645,330.112525940561,456.9,0,0,271.920835548395,29.7434104467661,109.089937702965,359.088297611403,6.41398753491717,468.178235314368,0.233009417086026,0,0,0,0,0,0,0,0,0,0,0,0,0,4,456.9,8.09230769230769,21.2126696832579,3521.23,468.178235314368,267.18,16.0175824175824,28.7989010989011,2073.99,379.355597724436,189.72,2.54461538461539,15.9023076923077,1447.24,88.8226375899327,3210.29972096342
"LN-RFD-MID-check","Lincoln","NE-RFD-MID","Soil_95","Soybean-MG3",1995,144,9,-9,66,-9,75,-9,85,-9,128,222,29.2593756876655,4.0636641873414,338.382185610574,432.293251827274,155.945331125105,0.360739684151753,330.73175816297,280.17,0,0,239.166706596926,7.50167472181651,129.952571067152,213.414879811244,7.55327386434297,343.367450878396,0.378465025542492,0,0,0,0,0,0,0,0,0,0,0,0,0,4,280.17,8.02714932126696,21.3126696832579,3511.84,343.367450878396,149.35,16.897619047619,30.0880952380952,1889.65,268.518916513196,130.82,2.58832116788321,15.9321167883212,1622.19,74.8485343652003,1792.47507040351
"LN-RFD-MID-check","Lincoln","NE-RFD-MID","Soil_95","Soybean-MG3",1996,144,10,-9,71,-9,83,-9,96,-9,222,222,28.812890785965,8.32860884041513,824.416408340324,1113.44686267701,429.578888359459,0.385809958929374,339.715387162426,602.71,0,0,262.641910743066,68.090476680497,131.835907484971,409.640043188106,59.357918828832,541.475950673077,0.243475093069402,0,0,0,0,0,0,0,0,0,0,0,0,0,4,602.71,7.76470588235294,19.1588235294117,3363.49,541.475950673077,413.73,16.3221052631579,27.8378947368421,1970.11,399.382315322646,188.98,1.31269841269841,12.6150793650794,1393.38,142.093635350432,4937.6883719478
"LN-RFD-MID-check","Lincoln","NE-RFD-MID","Soil_95","Soybean-MG3",1997,144,11,-9,65,-9,76,-9,91,-9,127,161,28.7115824443527,5.48473702348945,611.204133533867,647.785618622693,166.138701672373,0.256471735241071,330.267435865701,365.22,0,0,255.557456062892,24.1812807361728,119.324110688344,264.278172105399,19.782417614239,383.602282793743,0.311062045354154,0,0,0,0,0,0,0,0,0,0,0,0,0,1,365.22,13.695625,26.833125,3077.22,383.344923480862,253.99,16.3588888888889,28.9333333333333,2047.61,335.551042961724,111.23,10.2714285714286,24.1328571428571,1029.61,47.793880519138,1909.64024910773
"LN-RFD-MID-check","Lincoln","NE-RFD-MID","Soil_95","Soybean-MG3",1998,144,6,-9,66,-9,80,-9,89,-9,124,157,29.6404742820396,8.87802954439863,639.068015627408,764.95059744449,231.409924870254,0.302516169858991,331.083165259653,524.76,0,0,275.738463283899,52.9240643773341,144.066861221476,301.692767483167,69.2608382477742,445.759628704643,0.323194053351417,0,0,0,0,0,0,0,0,0,0,0,0,0,1,500.38,15.3192307692308,27.725641025641,2987.44,445.748330234147,316.49,17.6181818181818,29.1852272727273,1915,350.981891975734,183.89,12.3441176470588,25.8367647058824,1072.44,94.7664382584121,2659.88419391097
"LN-RFD-MID-check","Lincoln","NE-RFD-MID","Soil_95","Soybean-MG3",1999,144,8,-9,67,-9,78,-9,90,-9,137,222,28.6687119076897,7.01868417341108,712.552847734619,765.036488081901,205.945663834686,0.269197178230064,329.326072267202,368.53,0,0,205.648709131534,28.8943956157465,117.767034184384,311.842719608858,22.6025115040555,429.609753793242,0.274125606191572,0,0,0,0,0,0,0,0,0,0,0,0,0,4,368.53,8.5158371040724,22.7239819004525,3634.96,429.609753793242,297.41,17.5056179775281,29.2584269662921,1933.28,371.138851509704,71.12,2.45454545454545,18.3181818181818,1701.68,58.4709022835377,2367.19153832972
"LN-RFD-MID-check","Lincoln","NE-RFD-MID","Soil_95","Soybean-MG3",2000,144,7,-9,67,-9,76,-9,86,-9,119,151,28.5423842638411,7.37307863885001,686.597796637823,776.348309826968,217.538690566944,0.280207592150782,332.572818320514,383.77,0,0,197.984694030453,28.3068632306408,140.901488467539,323.127084125674,14.848218157949,464.028572593213,0.303648302689885,0,0,0,0,0,0,0,0,0,0,0,0,0,1,383.77,14.4913333333333,28.8733333333333,3031.84,463.933703504441,276.84,17.3117647058824,30.6141176470588,1957.02,388.758092709537,106.93,10.8030769230769,26.5969230769231,1074.82,75.1756107949035,2500.44471916028
"LN-RFD-MID-check","Lincoln","NE-RFD-MID","Soil_95","Soybean-MG3",2001,144,9,-9,66,-9,74,-9,86,-9,130,183,28.9809152417513,5.3370934619549,441.848929321447,572.816890347732,217.043048638924,0.378904763976437,336.893972977292,404.9,0,0,265.347906367215,56.4961662776473,105.043023346036,258.799325348234,42.958255586375,363.84234869427,0.288704774809767,0,0,0,0,0,0,0,0,0,0,0,0,0,1,400.07,12.6153846153846,26.1961538461538,3366.45,363.840615474462,211.61,17.6588235294118,30.0717647058824,1936.19,275.451582445538,188.46,8.1958762886598,22.8,1430.26,88.3890330289243,2494.74768550487
"LN-RFD-MID-check","Lincoln","NE-RFD-MID","Soil_95","Soybean-MG3",2002,144,6,-9,59,-9,69,-9,80,-9,127,222,31.7031934405711,4.30938588179982,284.125049644155,615.407480024786,272.157765261447,0.442239937107176,350.081218272558,460.98,0,0,285.065566147184,52.7975723663316,137.862164083931,301.655009554827,20.1578577367441,439.517173638758,0.313667297554204,0,0,0,0,0,0,0,0,0,0,0,0,0,4,460.98,8.81447963800906,22.3882352941176,3667.2,439.517173638758,91.69,18.9025316455696,32.8759493670886,1920.47,229.927591124616,369.29,3.20211267605633,16.5535211267606,1746.73,209.589582514142,3128.25017541893
"LN-RFD-MID-check","Lincoln","NE-RFD-MID","Soil_95","Soybean-MG3",2003,144,7,-9,65,-9,76,-9,86,-9,136,222,29.5961705943576,4.78226312439321,387.224052369173,519.667454877116,203.888451381676,0.392344083640736,333.10914298392,436.83,0,0,279.370271702167,57.0534620695004,147.010347255031,241.942404311386,31.6792367717065,388.952751566417,0.377964538528088,0,0,0,0,0,0,0,0,0,0,0,0,0,4,436.83,8.14886877828054,21.9140271493213,3696.58,388.952751566417,213.08,16.2847058823529,30.3117647058824,2057.81,295.587108320855,223.75,3.0639705882353,16.6654411764706,1638.77,93.3656432455623,2343.54541818018
"LN-RFD-MID-check","Lincoln","NE-RFD-MID","Soil_95","Soybean-MG3",2004,144,7,-9,71,-9,82,-9,94,-9,133,222,27.9588678321232,5.93357377813836,602.393542006214,732.423220551699,250.865774339234,0.342514774654836,329.474462541973,384.06,0,0,269.653392203134,14.3296250341416,122.822342126982,293.587421191949,3.54165315466143,416.40976331893,0.2949554812261,0,0,0,0,0,0,0,0,0,0,0,0,0,4,384.06,8.4552036199095,21.7547511312217,3575.12,416.409763318931,191.03,15.3548387096774,27.9376344086021,2048.69,311.765458469308,193.03,3.4421875,17.2625,1526.43,104.644304849622,2883.5146475774
"LN-RFD-MID-check","Lincoln","NE-RFD-MID","Soil_95","Soybean-MG3",2005,144,9,-9,62,-9,75,-9,87,-9,120,139,29.8137822900867,7.44199245708394,578.019499706466,636.212726724013,174.513046446486,0.274299835756333,328.634434020765,305.78,0,0,171.950474182949,37.2602669067496,109.065350511057,296.85362663887,5.57077951497485,405.918977149927,0.268687488515162,0,0,0,0,0,0,0,0,0,0,0,0,0,1,305.78,16.0086956521739,30.0471014492754,2904.87,405.808990224014,259.05,17.5116279069767,31.0627906976744,2004.76,350.415803681145,46.73,13.5230769230769,28.3673076923077,900.11,55.3931865428685,2005.89708559179
"LN-RFD-MID-check","Lincoln","NE-RFD-MID","Soil_95","Soybean-MG3",2006,144,5,-9,62,-9,71,-9,83,-9,132,222,30.7928354913567,4.79656575063246,450.879677590935,672.95012394177,288.841425769369,0.429216691539479,332.065729889755,378.72,0,0,290.435978527717,21.832561581094,59.1866263959856,323.979080505043,0,383.165706901028,0.154467441448964,0,0,0,0,0,0,0,0,0,0,0,0,0,4,378.72,8.83257918552036,22.3990950226245,3571.52,383.165706901029,135.65,18.1353658536585,32.2585365853659,1953.05,252.215545882573,243.07,3.34460431654676,16.5827338129496,1618.47,130.950161018455,3320.01638815366
"LN-RFD-MID-check","Lincoln","NE-RFD-MID","Soil_95","Soybean-MG3",2007,144,7,-9,63,-9,73,-9,85,-9,126,159,29.9106934555036,5.76165970294031,517.856461496711,696.231323243967,260.941330209429,0.374791138372831,350.215377915524,460.74,0,0,299.900404673868,20.3604829786659,152.408906444536,313.297646841013,14.224874436217,465.706553285549,0.327263821754911,0,0,0,0,0,0,0,0,0,0,0,0,0,1,460.74,15.3417721518987,28.1398734177215,3105.25,464.206553285549,199.63,18.4059523809524,30.6869047619048,1910.39,328.59559340843,261.11,11.8635135135135,25.2486486486486,1194.86,135.610959877119,2999.32563459114
"LN-RFD-MID-check","Lincoln","NE-RFD-MID","Soil_95","Soybean-MG3",2008,144,7,-9,66,-9,75,-9,86,-9,132,222,29.5181865835817,7.32294524583585,669.346728187295,856.452671911742,330.3070297829,0.385668748099765,356.95470423756,657.83,0,0,329.327731383232,69.3730039340538,184.48929436694,365.729421779218,54.0554384641965,550.218716146158,0.335301742658156,0,0,0,0,0,0,0,0,0,0,0,0,0,4,657.83,8.4606334841629,21.5307692307693,3574.99,550.218716146158,358.89,17.7952941176471,30.1752941176471,1934.83,425.668828982358,298.94,2.62647058823529,16.1279411764706,1640.16,124.549887163801,3796.63252624023
"LN-RFD-MID-check","Lincoln","NE-RFD-MID","Soil_95","Soybean-MG3",2009,144,7,-9,68,-9,78,-9,90,-9,222,222,29.0936546633277,5.10023161398335,520.03843788517,668.718647752114,241.895237706131,0.361729463533367,337.026771194406,444.794,0,0,279.122131708631,27.2748658809786,172.345940638876,270.818900975535,20.4891266660236,443.164841614411,0.388898045275963,0,0,0,0,0,0,0,0,0,0,0,0,0,4,444.794,7.19592760180996,19.7113122171946,3379.58,443.164841614412,266.2,16.1943820224719,28.8955056179775,1993.33,357.709607420491,178.594,1.12878787878788,13.5189393939394,1386.25,85.4552341939209,2780.40503110495
"LN-RFD-MID-check","Lincoln","NE-RFD-MID","Soil_95","Soybean-MG3",2010,144,6,-9,66,-9,75,-9,86,-9,127,159,29.0370536966998,8.63583432172019,786.227495621323,940.063601375527,319.553135284676,0.339927144096525,329.004356897873,572.26,0,0,194.267426357081,73.3374943493344,163.170397590322,391.751381450721,67.4489510636156,554.921779041043,0.294042158288138,0,0,0,0,0,0,0,0,0,0,0,0,0,1,572.26,14.5829113924051,28.3183544303797,3168.89,554.800903047899,425.95,18.6494117647059,30.4682352941177,1959.14,435.908404702454,146.31,9.84794520547945,25.8150684931507,1209.75,118.892498345445,3673.02454350203
"LN-RFD-MID-check","Lincoln","NE-RFD-MID","Soil_95","Soybean-MG3",2011,144,8,-9,64,-9,73,-9,87,-9,137,222,29.5569999262605,5.23566572491695,639.76846340528,859.758251514915,308.47398199694,0.358791534077633,351.324088632927,456.17,0,0,269.818989798781,27.5542729350779,124.45825869189,353.481484788257,19.5739477664325,477.939743480148,0.260405752795614,0,0,0,0,0,0,0,0,0,0,0,0,0,4,456.17,8.70000000000001,21.989592760181,3640.48,477.939743480148,248.65,18.603488372093,30.2732558139535,1931.48,340.041577254484,207.52,2.39111111111111,16.7125925925926,1709,137.898166225664,3545.67795398781
"LN-RFD-MID-check","Lincoln","NE-RFD-MID","Soil_95","Soybean-MG3",2012,144,6,-9,61,-9,70,-9,81,-9,120,222,30.617593788601,3.56848059364185,286.907936381741,308.791319659826,84.2202755545673,0.272741719706846,330.363544575293,262.61,0,0,260.131127757109,22.2439417147273,129.521135952512,163.771399636268,0.687481055972348,293.29253558878,0.44161074775565,0,0,0,0,0,0,0,0,0,0,0,0,0,4,262.61,7.64117647058823,23.331221719457,3843.53,293.29253558878,124.2,17.97375,32.8975,2038.32,252.7448233554,138.41,1.77872340425532,17.9035460992908,1805.21,40.5477122333794,968.049144305372
"LN-RFD-MID-check","Lincoln","NE-RFD-MID","Soil_95","Soybean-MG3",2013,144,6,-9,64,-9,77,-9,89,-9,121,156,29.6556092087006,5.88166311024874,493.30070768931,518.27562876591,132.019160389198,0.254727702908884,330.398206027253,385.34,0,0,249.217582471436,64.0798219020251,118.426116483474,203.160854668688,69.8090869017149,321.586971152162,0.368255330927073,0,0,0,0,0,0,0,0,0,0,0,0,0,1,385.34,14.46,27.7329032258064,3015.69,321.389982213012,268.74,16.6954545454545,29.1056818181818,1902.68,283.491504447333,116.6,11.5238805970149,25.9298507462687,1113.01,37.8984777656783,1517.46161366894
"LN-RFD-MID-check","Lincoln","NE-RFD-MID","Soil_95","Soybean-MG3",2014,144,5,-9,63,-9,74,-9,86,-9,142,222,29.8252866905273,4.85845092688251,494.184137160201,828.670695520565,390.1504045967,0.470814772026673,336.535772742101,664.93,0,0,297.848875770877,97.1926930384608,216.581280126842,351.377791019874,26.2429944819372,567.959071146716,0.381332548645735,0,0,0,0,0,0,0,0,0,0,0,0,0,4,664.93,8.95746606334842,21.4710407239819,3559.29,567.959071146716,230.63,17.1952941176471,30.2552941176471,1959.29,324.259365924638,434.3,3.80882352941177,15.9808823529412,1600,243.699705222078,4484.48740915747
"LN-RFD-MID-check","Lincoln","NE-RFD-MID","Soil_95","Soybean-MG3",2015,144,8,-9,65,-9,74,-9,85,-9,127,162,29.1758385270779,5.26094853982066,478.535090354488,758.03219388509,335.854328051493,0.443060770717615,337.458567398684,494.79,0,0,227.660934365237,39.1832373096835,165.745367833168,327.277149343626,60.3838765989822,493.022517176794,0.336182145964204,0,0,0,0,0,0,0,0,0,0,0,0,0,1,494.79,14.7577639751553,27.7447204968944,3060.72,492.896636851444,275.09,17.4678571428571,30.1369047619048,1840.77,336.806815468511,219.7,11.8012987012987,25.1350649350649,1219.95,156.089821382933,3860.39457530452
"LN-RFD-MID-check","Lincoln","NE-RFD-MID","Soil_95","Soybean-MG3",2016,144,6,-9,61,-9,72,-9,85,-9,122,149,31.2894803816577,7.14746272775292,617.544686486652,764.458513382862,279.466790489358,0.365574829237847,354.40746109422,418.07,0,0,241.804962481703,25.4654740000304,113.194721360333,329.396554976506,50.91198904311,442.591276336839,0.255754524348521,0,0,0,0,0,0,0,0,0,0,0,0,0,1,411.21,16.497972972973,29.3216216216216,2990.63,442.394287397689,259.84,18.9714285714286,31.3928571428571,1984.85,337.759043059794,151.37,13.2515625,26.603125,1005.78,104.635244337894,3212.2619596478
"LN-RFD-MID-check","Lincoln","NE-RFD-MID","Soil_95","Soybean-MG3",2017,144,7,-9,64,-9,77,-9,89,-9,126,174,29.8169775725333,8.7592563276624,819.994382083001,923.795479393385,253.8607457717,0.274801892230951,333.134367129616,607.05,0,0,279.139288808076,96.6009939165031,166.474041956438,375.171677667363,10.8814820176104,541.6457196238,0.307348578462066,0,0,0,0,0,0,0,0,0,0,0,0,0,1,607.05,13.1323699421965,26.3450867052023,3377.19,541.637921824253,433.07,17.1636363636364,30.3977272727273,2176.93,436.147090247326,173.98,8.95882352941176,22.1494117647059,1200.26,105.490831576927,2917.93960657127
"LN-RFD-MID-check","Lincoln","NE-RFD-MID","Soil_95","Soybean-MG3",2018,144,5,-9,60,-9,72,-9,83,-9,131,222,30.1262161599658,6.31788371744472,598.446020047848,946.3150367294,436.907207764877,0.461693189695992,328.886191077824,754.88,0,0,340.966189324704,98.7651555655096,200.161260178476,418.024588406789,13.2395311886087,618.185848585265,0.323788162793682,0,0,0,0,0,0,0,0,0,0,0,0,0,4,754.88,9.03529411764706,21.5031674208145,3486.93,618.185848585266,305.81,18.5243902439024,31.7109756097561,1972.9,383.832157466657,449.07,3.43741007194244,15.4812949640288,1514.03,234.353691118609,5021.92192833191
"LN-RFD-MID-check","Lincoln","NE-RFD-MID","Soil_95","Soybean-MG3",2019,144,7,-9,65,-9,75,-9,88,-9,120,180,29.3396454368859,7.24857077993365,669.72802362645,737.810838250488,212.181842277289,0.287582983709509,332.366711291318,551.39,0,0,296.080517184485,73.1774848252911,180.033722289394,291.39890012993,32.4089476281038,471.432622419325,0.381886432393005,0,0,0,0,0,0,0,0,0,0,0,0,0,1,541.99,12.7586592178771,25.1659217877095,3205.18,471.401141963275,313.41,18.0528735632184,29.8655172413793,1975.19,374.327681343598,228.58,7.75217391304348,20.7217391304348,1229.99,97.0734606196775,2438.87175031367
"NP-RFD-MID-check","North Platte","NE-RFD-MID","Soil_113","Soybean-MG3",1990,144,9,-9,70,-9,81,-9,92,-9,127,222,28.9560647272656,4.74144576582741,432.463682494347,438.937998825328,101.098784660969,0.230325888693907,256.794622504112,248.92,0,0,162.771700541131,7.21306411777481,128.862422314884,194.312843714379,0.965045870354186,323.175266029263,0.398738504645389,0,0,0,0,0,0,0,0,0,0,0,0,0,4,248.92,6.30904977375566,21.231221719457,3762.43,323.175266029263,156.97,14.7021978021978,29,2164.32,290.744520860167,91.95,0.433846153846154,15.7930769230769,1598.11,32.4307451690956,1162.05499610309
"NP-RFD-MID-check","North Platte","NE-RFD-MID","Soil_113","Soybean-MG3",1991,144,8,-9,69,-9,79,-9,91,-9,139,222,28.7630389252899,3.9682729177542,398.974978561702,441.130399169236,127.326672660132,0.288637266667455,263.404652616777,330.68,0,0,185.541484658412,10.0794078931094,162.581184540706,202.118671979706,22.5989244367113,364.699856520412,0.445794484516355,0,0,0,0,0,0,0,0,0,0,0,0,0,4,330.68,6.37285067873303,20.847963800905,3719.87,364.699856520412,189.48,14.6111111111111,28.9622222222222,2113.86,316.151907454281,141.2,0.71297709923664,15.2732824427481,1606.01,48.5479490661308,1463.52497310496
"NP-RFD-MID-check","North Platte","NE-RFD-MID","Soil_113","Soybean-MG3",1992,144,16,-9,85,-9,97,-9,113,-9,222,222,24.5185671073275,7.06055210749024,876.651013688179,892.759675927508,207.767787378309,0.232725326849529,252.836800519318,423.91,0,0,127.928620222711,27.5894773923414,173.888417566373,333.59135747728,4.85077180555394,507.479775043653,0.342650931362566,0,0,0,0,0,0,0,0,0,0,0,0,0,4,423.91,4.60090497737557,17.8986425339367,3397.85,507.479775043653,379.73,11.7428571428571,24.5723214285714,2311.68,468.134415577181,44.18,-2.73761467889908,11.0412844036697,1086.17,39.3453594664726,2388.135487107
"NP-RFD-MID-check","North Platte","NE-RFD-MID","Soil_113","Soybean-MG3",1993,144,9,-9,80,-9,89,-9,103,-9,222,222,25.8819428400813,6.05484745887744,772.57573178245,829.837675168037,226.314186386178,0.272721031062311,256.622221781637,520.99,0,0,175.230462994466,51.3136638833644,181.705461770655,316.138409814249,43.7027238510193,497.843871584904,0.364984831875482,0,0,0,0,0,0,0,0,0,0,0,0,0,4,520.99,5.31674208144796,18.7126696832579,3509.26,497.843871584904,404.65,13.1460784313725,26.15,2268.94,441.428866550167,116.34,-1.39411764705882,12.3378151260504,1240.32,56.4150050347368,2601.31248719745
"NP-RFD-MID-check","North Platte","NE-RFD-MID","Soil_113","Soybean-MG3",1994,144,7,-9,72,-9,82,-9,92,-9,134,222,28.6699479249913,6.02112399315903,621.673878440832,617.702470830337,132.460606224165,0.214440790638423,253.212588238887,338.57,0,0,181.490254131513,8.98629665546055,129.531900145875,260.909777214978,0,390.441677360853,0.331757360078544,0,0,0,0,0,0,0,0,0,0,0,0,0,4,338.57,6.74660633484163,21.3941176470588,3719.26,390.441677360853,223.02,14.0417582417582,29.3571428571429,2239.61,360.51307379761,115.55,1.64,15.82,1479.65,29.9286035632426,1522.53570372603
"NP-RFD-MID-check","North Platte","NE-RFD-MID","Soil_113","Soybean-MG3",1995,144,12,-9,74,-9,82,-9,92,-9,142,222,27.149889361085,3.43093299582735,323.534059302947,343.532279161864,91.0024673923628,0.26490223164585,255.46832282781,309.1,0,0,138.955871691664,20.9506419307224,169.497826083586,169.304678568707,52.7241010330151,338.802504652293,0.50028504440231,0,0,0,0,0,0,0,0,0,0,0,0,0,4,309.1,5.69276018099548,21.0027149321267,3717.62,338.802504652294,233.16,13.5307692307692,28.4428571428571,2161.51,304.605879312732,75.94,0.206153846153843,15.7946153846154,1556.11,34.1966253395611,1046.00537232601
"NP-RFD-MID-check","North Platte","NE-RFD-MID","Soil_113","Soybean-MG3",1996,144,14,-9,78,-9,89,-9,101,-9,222,222,26.4654406553983,8.07444023105213,880.517645967086,1032.63452331627,338.397030228704,0.327702611706176,263.693161918151,642.89,0,0,163.751011518746,69.1459938387333,188.79793137306,392.251036602472,82.5721890879368,581.048967975532,0.324926024790754,0,0,0,0,0,0,0,0,0,0,0,0,0,4,642.89,5.26153846153846,18.3886877828054,3522.46,581.048967975532,433.34,14.014,26.533,2221.02,447.16665509307,209.55,-1.97190082644628,11.6578512396694,1301.44,133.882312882462,3889.62103711154
"NP-RFD-MID-check","North Platte","NE-RFD-MID","Soil_113","Soybean-MG3",1997,144,12,-9,71,-9,85,-9,96,-9,138,222,27.8912787151184,6.93101247462643,645.184708103863,703.089413900419,197.287059764219,0.28060024210827,256.714201210726,458.73,0,0,163.927236198645,31.9320064814489,170.789153149792,312.442664535132,24.793949144578,483.231817684924,0.353431100559587,0,0,0,0,0,0,0,0,0,0,0,0,0,4,458.73,6.5683257918552,20.3755656108597,3653.46,483.231817684924,329.96,14.0010526315789,28.0768421052632,2204.27,419.097480141192,128.77,0.964285714285714,14.5690476190476,1449.19,64.1343375437317,2267.66735361172
"NP-RFD-MID-check","North Platte","NE-RFD-MID","Soil_113","Soybean-MG3",1998,144,7,-9,73,-9,84,-9,93,-9,127,222,28.1284206956188,6.65273905074249,578.739265624542,594.729661874559,142.410261949431,0.239453773838286,256.178036576068,380.76,0,0,181.358023027771,12.0189756947547,156.679160784587,254.653285595377,19.7132759001745,411.332446379964,0.380906398616208,0,0,0,0,0,0,0,0,0,0,0,0,0,4,380.76,7.47466063348416,21.6253393665158,3710.09,411.332446379965,252.22,14.5195652173913,28.5,2176.87,369.615778297592,128.54,2.45038759689923,16.722480620155,1533.22,41.7166680823724,1636.89956263713
"NP-RFD-MID-check","North Platte","NE-RFD-MID","Soil_113","Soybean-MG3",1999,144,8,-9,69,-9,82,-9,94,-9,167,222,28.0720091496554,6.68017544244675,645.960300788896,672.875890029179,162.94540643543,0.242162646707946,252.072508919092,351.3,0,0,101.997114194192,23.6601819822436,180.296060956053,285.235565597924,0,465.531626553977,0.38729068160345,0,0,0,0,0,0,0,0,0,0,0,0,0,4,351.3,6.74705882352941,22.2081447963801,3846.72,465.531626553977,307.86,14.7451612903226,28.647311827957,2246.81,424.969802846182,43.44,0.9359375,17.5296875,1599.91,40.5618237077951,1872.93570615437
"NP-RFD-MID-check","North Platte","NE-RFD-MID","Soil_113","Soybean-MG3",2000,144,7,-9,68,-9,77,-9,86,-9,119,222,28.6523016189734,4.59356102228056,407.393786445799,419.000373605623,100.823352827923,0.240628312476927,255.566361578421,326.12,0,0,222.424299859117,26.3767789531398,102.267948096836,214.908548245943,3.16287292800359,317.176496342779,0.322432302759006,0,0,0,0,0,0,0,0,0,0,0,0,0,4,326.12,5.7683257918552,20.6303167420815,3776.86,317.176496342779,141.47,14.5788235294118,31.0576470588235,2101.21,279.438157738143,184.65,0.261764705882354,14.1132352941176,1675.65,37.7383386046363,1158.88911296463
"NP-RFD-MID-check","North Platte","NE-RFD-MID","Soil_113","Soybean-MG3",2001,144,13,-9,69,-9,78,-9,91,-9,158,222,28.5399508533239,5.67876404700359,514.467418081314,629.920997627212,223.769117469192,0.355233621854307,256.185671997763,365.72,0,0,153.031753249659,6.65490206566853,147.456736735844,299.577108149853,1.31848245507567,447.033844885697,0.329855867565347,0,0,0,0,0,0,0,0,0,0,0,0,0,4,365.72,7.0656108597285,21.8425339366516,3829.31,447.033844885698,229.08,14.7711111111111,29.4266666666667,2181.04,360.872627533715,136.64,1.77175572519084,16.6320610687023,1648.27,86.1612173519829,2572.05882148497
"NP-RFD-MID-check","North Platte","NE-RFD-MID","Soil_113","Soybean-MG3",2002,144,8,-9,62,-9,72,-9,83,-9,124,222,30.4546146500654,3.03469050245005,257.026040633573,282.826382067299,81.9769763705883,0.289849114397969,257.70835177597,167.1,0,0,160.225456243609,0.676241574220988,96.4965216707305,152.914696882996,0.784104898567764,249.411218553727,0.386897278439558,0,0,0,0,0,0,0,0,0,0,0,0,0,4,167.1,6.85520361990949,21.8085972850679,3875.02,249.411218553726,68.06,15.8024390243902,32.1365853658537,2140.42,212.085165632493,99.04,1.57697841726619,15.7158273381295,1734.6,37.3260529212337,942.264096213658
"NP-RFD-MID-check","North Platte","NE-RFD-MID","Soil_113","Soybean-MG3",2003,144,7,-9,69,-9,78,-9,88,-9,137,222,28.5955023257758,4.00109419977652,366.463454255611,395.704920572006,109.134886774458,0.275798659811203,257.333536953273,248.4,0,0,130.012946546764,3.87874483708489,162.096149681987,190.52762041503,6.52325638806223,352.623770097017,0.459685827865178,0,0,0,0,0,0,0,0,0,0,0,0,0,4,248.4,6.72533936651584,21.6904977375566,3907.14,352.623770097018,180.6,14.8735632183908,29.4712643678161,2183.83,309.695063884553,67.8,1.43507462686567,16.6388059701492,1723.31,42.9287062124647,1254.42398591331
"NP-RFD-MID-check","North Platte","NE-RFD-MID","Soil_113","Soybean-MG3",2004,144,8,-9,77,-9,90,-9,101,-9,222,222,26.3467539622419,5.78739741973522,669.980679035304,740.906339920924,216.585691729204,0.292325331906756,269.919375882253,429.48,0,0,167.391994583911,24.150506614556,156.935447372086,301.789326082431,38.8919663732999,458.724773454517,0.34211243092509,0,0,0,0,0,0,0,0,0,0,0,0,0,4,429.48,6.29909502262443,20.30407239819,3778.86,458.724773454517,306.3,12.639,26.885,2378.38,396.667056647979,123.18,1.05950413223141,14.8652892561984,1400.48,62.0577168065385,2489.49070953108
"NP-RFD-MID-check","North Platte","NE-RFD-MID","Soil_113","Soybean-MG3",2005,144,11,-9,70,-9,79,-9,94,-9,132,222,28.338408696962,4.41329268260633,566.252293417594,584.796011940855,141.251950073015,0.241540549505835,264.032102741751,376.46,0,0,126.147559083696,18.5027075954876,164.767520814406,249.776279432711,69.3676866034985,414.543800247117,0.397467096881403,0,0,0,0,0,0,0,0,0,0,0,0,0,4,376.46,6.78914027149322,21.2067873303168,3804.58,414.543800247117,321.34,14.8849462365591,28.4763440860215,2210.58,373.097474349348,55.12,0.90703125,15.925,1594,41.4463258977695,1623.58563302316
"NP-RFD-MID-check","North Platte","NE-RFD-MID","Soil_113","Soybean-MG3",2006,144,5,-9,65,-9,74,-9,86,-9,222,222,29.7097060685555,4.45068033980439,543.829686371539,668.813503371138,242.49891916666,0.362580776172057,255.434430206948,391.66,0,0,171.164328770462,30.8335272302252,134.325186432257,293.167140707642,6.24846479310478,427.4923271399,0.314216602040435,0,0,0,0,0,0,0,0,0,0,0,0,0,4,391.66,6.6628959276018,20.9429864253394,3719.1,427.4923271399,233.92,16.1976470588235,31.0494117647059,2135.72,338.394433530707,157.74,0.703676470588236,14.6264705882353,1583.38,89.0978936091929,2787.34389846736
"NP-RFD-MID-check","North Platte","NE-RFD-MID","Soil_113","Soybean-MG3",2007,144,10,-9,72,-9,81,-9,90,-9,134,222,28.005903413143,6.06262215569982,556.938050800258,600.587675401906,165.431082656085,0.275448680403541,256.169988375777,448.3,0,0,154.081110808902,59.0734377115533,156.488358135398,242.671596278497,80.6930208153706,399.159954413895,0.392044232907024,0,0,0,0,0,0,0,0,0,0,0,0,0,4,448.3,6.98461538461539,20.7669683257919,3751.66,399.159954413895,339.08,15.5921348314607,28.3629213483146,2118,349.017702053492,109.22,1.18106060606061,15.6454545454545,1633.66,50.1422523604028,1901.50669719638
"NP-RFD-MID-check","North Platte","NE-RFD-MID","Soil_113","Soybean-MG3",2008,144,10,-9,72,-9,82,-9,96,-9,222,222,27.5478986501531,4.89714983686372,581.918777692964,662.545523627698,207.528145890541,0.313228508064235,277.928240021715,455.44,0,0,203.79201138224,30.4681225080543,170.905699438207,268.418294297652,49.5050376583519,439.32399373586,0.389019725476144,0,0,0,0,0,0,0,0,0,0,0,0,0,4,455.44,6.01945701357466,19.7380090497738,3795.03,439.32399373586,272.82,14.0231578947368,27.641052631579,2323.25,374.726125236523,182.62,-0.0150793650793649,13.7793650793651,1471.78,64.5978684993368,2385.3809872476
"NP-RFD-MID-check","North Platte","NE-RFD-MID","Soil_113","Soybean-MG3",2009,144,9,-9,77,-9,87,-9,101,-9,222,222,26.2063075393369,6.10858080565713,715.277229107798,727.221779894313,168.982882516934,0.232367741435759,255.750190051252,448.1,0,0,205.965008678634,16.2623903862479,178.83107637951,272.975862408721,19.407649440407,451.806938788232,0.395813036557482,0,0,0,0,0,0,0,0,0,0,0,0,0,4,448.1,5.06877828054299,17.6027149321267,3575.64,451.806938788232,287.25,13.422,26.366,2327.28,401.942912964126,160.85,-1.83471074380165,10.3603305785124,1248.36,49.8640258241058,1942.33198295326
"NP-RFD-MID-check","North Platte","NE-RFD-MID","Soil_113","Soybean-MG3",2010,144,7,-9,72,-9,81,-9,92,-9,144,222,27.9266568634777,5.63011113599142,639.623131113368,670.140320410736,170.60897233342,0.254586938193559,266.137709870869,405.9,0,0,138.634382832133,22.7192029029872,170.37514038879,274.315097428558,55.0848775704462,444.690237817348,0.383132180335315,0,0,0,0,0,0,0,0,0,0,0,0,0,4,405.9,6.56380090497738,20.6769230769231,3879.01,444.690237817349,322.84,15.0087912087912,28.4153846153846,2238.53,398.7187562564,83.06,0.65230769230769,15.26,1640.48,45.9714815609478,1961.02267049908
"NP-RFD-MID-check","North Platte","NE-RFD-MID","Soil_113","Soybean-MG3",2011,144,10,-9,71,-9,82,-9,93,-9,153,222,27.237690806921,5.84274062201427,627.031745637915,672.99669019044,182.275759993155,0.270841985777932,274.444482040801,424.17,0,0,149.13481019996,39.3345783829776,154.3715504963,278.756078479465,66.2376500133762,433.127628975765,0.356411228859607,0,0,0,0,0,0,0,0,0,0,0,0,0,4,424.17,6.47556561085973,20.6877828054299,3774.86,433.127628975765,317.25,14.9108695652174,28.0858695652174,2166.05,379.930168001939,106.92,0.459689922480621,15.4116279069767,1608.81,53.1974609738264,2095.12367808224
"NP-RFD-MID-check","North Platte","NE-RFD-MID","Soil_113","Soybean-MG3",2012,144,8,-9,62,-9,72,-9,84,-9,121,162,31.0107927140094,3.08097337421628,240.71657807826,238.98844152109,51.0600693589112,0.213650790113234,256.498413354396,74.69,0,0,94.3992343574085,0.201478771845197,81.0527841096223,140.019936544506,1.80519918313055,221.072720654129,0.366634037296852,0,0,0,0,0,0,0,0,0,0,0,0,0,1,74.69,11.4571428571429,28.3701863354037,3530.1,221.000045216426,61.23,15.6180722891566,32.4132530120482,2188.94,207.439296480749,13.46,7.02948717948718,24.0679487179487,1341.16,13.5607487356771,586.897348953002
"NP-RFD-MID-check","North Platte","NE-RFD-MID","Soil_113","Soybean-MG3",2013,144,7,-9,71,-9,82,-9,93,-9,129,222,28.7898059575305,5.44418753836441,468.972010923382,500.82324116561,134.290595018779,0.268139702754675,257.370288896944,298.94,0,0,178.133130312713,10.4149666183949,133.364776135396,213.924775878404,9.69053008315834,347.289552013799,0.384016090786677,0,0,0,0,0,0,0,0,0,0,0,0,0,4,298.94,6.45565610859728,20.5760180995475,3742.81,347.289552013799,165.11,14.5,28.6608695652174,2183.27,298.884306622005,133.83,0.718604651162793,14.8100775193798,1559.54,48.405245391794,1543.57005768712
"NP-RFD-MID-check","North Platte","NE-RFD-MID","Soil_113","Soybean-MG3",2014,144,6,-9,72,-9,82,-9,93,-9,189,222,28.004338172627,5.04401939746982,539.615283717113,734.591061424308,274.584131304396,0.373791822040416,272.089813439845,435.11,0,0,127.138022113201,48.6814330193893,168.195718341928,297.076182094936,55.548523405615,465.271900436864,0.361499841671078,0,0,0,0,0,0,0,0,0,0,0,0,0,4,435.11,5.94841628959276,20.2171945701357,3802.27,465.271900436865,299.47,14.3195652173913,28.2967391304348,2245.92,354.500319809026,135.64,-0.0217054263565888,14.4550387596899,1556.35,110.771580627839,3156.13944028041
"NP-RFD-MID-check","North Platte","NE-RFD-MID","Soil_113","Soybean-MG3",2015,144,10,-9,70,-9,81,-9,96,-9,136,222,28.3732693500047,5.29073160310409,565.514397352175,575.077717170963,133.064143031021,0.231384626908544,258.660906174513,344.38,0,0,183.514395552013,14.4190082181514,140.888486947359,225.962443068556,27.3426356212408,366.850930015915,0.384048329770479,0,0,0,0,0,0,0,0,0,0,0,0,0,4,344.38,7.80588235294117,20.947963800905,3638.42,366.850930015916,233.4,14.5842105263158,27.6094736842105,2219.13,334.708480544901,110.98,2.6952380952381,15.9253968253968,1419.29,32.1424494710139,1529.47290840254
"NP-RFD-MID-check","North Platte","NE-RFD-MID","Soil_113","Soybean-MG3",2016,144,8,-9,72,-9,81,-9,93,-9,146,222,28.1965464363145,6.29146468464994,662.636122702538,709.01879830496,191.79627872957,0.270509440917637,253.511637338689,384.79,0,0,136.039234220162,22.7820469130408,144.861907616694,294.47927559329,28.7869752310124,439.341183209984,0.329725309515217,0,0,0,0,0,0,0,0,0,0,0,0,0,4,384.79,7.06380090497738,21.5909502262443,3850.11,439.341183209984,286.25,15.0119565217391,28.7347826086957,2287.56,386.410079795488,98.54,1.3953488372093,16.4961240310077,1562.55,52.931103414496,2204.55492792609
"NP-RFD-MID-check","North Platte","NE-RFD-MID","Soil_113","Soybean-MG3",2017,144,10,-9,66,-9,81,-9,95,-9,222,222,29.225636584408,5.89848222564259,684.134569413589,749.881266789881,214.687868337726,0.286295814878493,256.232326601361,449.06,0,0,189.077668498633,73.1409698780432,111.472110368668,321.024739550886,0,432.496849919554,0.257740860747083,0,0,0,0,0,0,0,0,0,0,0,0,0,4,449.06,6.29864253393665,21.1316742081448,3785.53,432.496849919554,229.61,14.381914893617,29.3276595744681,2287.73,330.821907808438,219.45,0.315748031496064,15.0653543307087,1497.8,101.674942111116,2467.67664756007
"NP-RFD-MID-check","North Platte","NE-RFD-MID","Soil_113","Soybean-MG3",2018,144,6,-9,70,-9,80,-9,94,-9,222,222,28.6465055349221,5.85212434412356,617.87441280513,674.536791627881,189.645897614413,0.281149820096149,252.038378359891,389.99,0,0,203.913292476995,15.070246610777,146.664217020208,264.601282016294,1.35349912068122,411.265499036503,0.35661687489908,0,0,0,0,0,0,0,0,0,0,0,0,0,4,389.99,6.59683257918552,19.5366515837104,3692.49,411.265499036503,242.82,15.1440860215054,28.4924731182796,2227.58,356.293655545059,147.17,0.386718750000001,13.0296875,1464.91,54.9718434914434,2179.83790361394
"NP-RFD-MID-check","North Platte","NE-RFD-MID","Soil_113","Soybean-MG3",2019,144,11,-9,75,-9,87,-9,100,-9,222,222,26.5960958901298,7.01875234010746,806.825889511381,833.920497900875,203.539858300289,0.244075854727921,269.434288176227,463.75,0,0,147.733474471169,28.752673989002,189.447392624824,303.291424489541,54.215994477835,492.738817114365,0.384478320044456,0,0,0,0,0,0,0,0,0,0,0,0,0,4,463.75,6.01176470588235,19.4615384615385,3726.47,492.738817114365,390.37,14.0616161616162,26.6050505050505,2313.5,450.701463126279,73.38,-0.520491803278688,13.6647540983607,1412.97,42.0373539880862,2339.53860115275
"AL-RFD-MID-check","Albany","MO-RFD-MID","Soil_131","Soybean-MG4",1990,154,6,-9,74,-9,85,-9,93,-9,141,212,33.0457731844213,14.6265787596544,1003.02211398354,1044.91698525559,261.805505171091,0.250551487692636,355.776898431837,512.77,0,0,283.212759109218,10.8044681211886,170.516129212035,355.384748195511,36.8037311738893,525.900877407546,0.324236251615708,0,0,0,0,0,0,0,0,0,0,0,0,0,4,512.77,11.3151658767772,22.0478672985782,3291.02,525.900877407546,347.96,19.945652173913,29.8913043478261,1987.78,472.27285998692,164.81,4.64285714285715,15.9840336134454,1303.24,53.6280174206268,3009.25868012749
"AL-RFD-MID-check","Albany","MO-RFD-MID","Soil_131","Soybean-MG4",1991,154,6,-9,67,-9,80,-9,88,-9,140,212,34.1729980408628,8.91474376016923,610.427152423792,725.648649046865,248.983058999846,0.34311792535807,354.609862063493,418.56,0,0,347.197321233666,8.5201070205313,101.835679234449,302.775890975454,0,404.611570209903,0.251687511510408,0,0,0,0,0,0,0,0,0,0,0,0,0,4,418.56,10.8469194312796,21.5834123222749,3242.12,404.611570209903,167.12,19.8804597701149,31.1195402298851,1948.67,330.150602675024,251.44,4.50887096774194,14.8927419354839,1293.45,74.4609675348784,2861.87424137754
"AL-RFD-MID-check","Albany","MO-RFD-MID","Soil_131","Soybean-MG4",1992,154,7,-9,78,-9,91,-9,103,-9,212,212,30.0714058194105,14.0130146018235,1154.40386664749,1335.68804931386,428.493993204879,0.320803943274775,356.885113908082,700.52,0,0,361.434378953999,57.8636934642935,147.525011993818,406.059472847734,77.4237267402284,553.584484841552,0.266490510542474,0,0,0,0,0,0,0,0,0,0,0,0,0,4,700.52,10.0687203791469,19.5123222748815,2950.06,553.584484841552,422.38,16.9441176470588,27.0823529411765,2044.85,456.739977250918,278.14,3.6348623853211,12.4284403669725,905.210000000001,96.8445075906339,4925.21831269975
"AL-RFD-MID-check","Albany","MO-RFD-MID","Soil_131","Soybean-MG4",1993,154,7,-9,74,-9,84,-9,95,-9,212,212,31.6958962070815,15.3147276918435,991.577599074682,1197.38630584647,414.266860027895,0.345975946112926,359.404299579251,1109.17,0,0,361.23680585091,172.551909933873,263.077405774812,382.093555273532,281.711859744404,645.170961048344,0.407763866723535,0,0,0,0,0,0,0,0,0,0,0,0,0,4,1109.17,10.6094786729858,19.8597156398104,2947.76,645.170961048344,736.57,19.5893617021277,28.8648936170213,1799.02,496.254963009336,372.6,3.3948717948718,12.6247863247863,1148.74,148.915998039009,4761.68804629764
"AL-RFD-MID-check","Albany","MO-RFD-MID","Soil_131","Soybean-MG4",1994,154,6,-9,71,-9,82,-9,93,-9,157,212,32.4598123414645,9.52950349420948,824.482787202893,1025.34474066192,357.610680345254,0.348771165602699,355.592672823008,522.16,0,0,325.996798512236,34.6040165928125,148.341483141185,352.035092283989,6.00357139151728,500.376575425174,0.296459687416699,0,0,0,0,0,0,0,0,0,0,0,0,0,4,522.16,11.6113744075829,21.467298578199,3228.95,500.376575425174,283.18,18.8163043478261,29.2532608695652,1978.42,391.215342542837,238.98,6.04117647058824,15.4478991596639,1250.53,109.161232882337,4110.46759017533
"AL-RFD-MID-check","Albany","MO-RFD-MID","Soil_131","Soybean-MG4",1995,154,6,-9,69,-9,80,-9,89,-9,212,212,32.7007494068383,10.2936318711818,760.433975222637,941.130577751918,344.447382359708,0.36599319000185,355.47882153321,473.91,0,0,271.971271912659,21.5703862522521,149.172681211648,362.742167330265,11.8577798945161,511.914848541912,0.291401356371155,0,0,0,0,0,0,0,0,0,0,0,0,0,4,473.91,10.3028436018957,20.5052132701422,3236.4,511.914848541913,279.38,19.8488636363636,30.1931818181818,1973.08,410.809643868783,194.53,3.47317073170731,13.5739837398374,1263.32,101.10520467313,3959.16531447941
"AL-RFD-MID-check","Albany","MO-RFD-MID","Soil_131","Soybean-MG4",1996,154,8,-9,74,-9,87,-9,97,-9,212,212,31.9714865360046,15.0250710957462,1116.85334793353,1296.94699238996,422.228813431802,0.325555952486335,372.526894933069,592.03,0,0,332.272864380985,36.7871028227299,158.977650386311,413.558866945999,14.0202227910744,572.53651733231,0.277672507470887,0,0,0,0,0,0,0,0,0,0,0,0,0,4,592.03,9.55924170616113,19.4649289099526,3146.6,572.53651733231,342.11,18.678125,28.590625,2015.56,472.757664112967,249.92,1.94695652173913,11.8469565217391,1131.04,99.7788532193433,4853.20475208968
"AL-RFD-MID-check","Albany","MO-RFD-MID","Soil_131","Soybean-MG4",1997,154,7,-9,70,-9,84,-9,94,-9,175,212,32.6992016693864,10.7532286643115,819.974703449932,994.778174224714,347.503892086022,0.349328022156146,357.559698720214,514.06,0,0,362.495782476002,21.1247889748924,106.726016977986,360.527416510178,7.22018226555293,467.253433488164,0.228411413012526,0,0,0,0,0,0,0,0,0,0,0,0,0,4,514.06,10.5028436018957,20.6118483412322,3325.85,467.253433488164,224.29,18.5268817204301,29.3279569892473,2079.5,357.498189270421,289.77,4.17881355932203,13.7423728813559,1246.35,109.755244217743,3994.29761018416
"AL-RFD-MID-check","Albany","MO-RFD-MID","Soil_131","Soybean-MG4",1998,154,8,-9,74,-9,84,-9,94,-9,168,212,32.3846152311947,11.7282186641508,983.456642949076,1215.43264905705,438.55415253469,0.36082143496386,357.719161813846,740.38,0,0,333.499666866912,52.2059072516549,215.893178539257,426.163852460036,59.5913982293806,642.057030999293,0.336252339146948,0,0,0,0,0,0,0,0,0,0,0,0,0,4,740.38,11.4744075829384,21.8345971563981,3172.95,642.057030999293,444.73,19.1956989247312,29.0387096774193,1949.32,487.870990174649,295.65,5.38898305084746,16.1567796610169,1223.63,154.186040824644,5040.85232798494
"AL-RFD-MID-check","Albany","MO-RFD-MID","Soil_131","Soybean-MG4",1999,154,5,-9,69,-9,81,-9,91,-9,157,212,32.354629145278,8.92760501831602,675.540444195933,751.937770150806,224.479974064064,0.29853530833947,356.683078661315,313.9,0,0,241.225383178646,6.32956760286399,126.472570762296,269.830230637215,15.3851668298306,396.302801399511,0.319131155055347,0,0,0,0,0,0,0,0,0,0,0,0,0,4,313.9,10.3796208530806,22.2654028436019,3363.31,396.302801399511,188.95,19.1966666666667,29.4366666666667,1924.9,339.058552385449,124.95,3.82148760330579,16.9314049586777,1438.41,57.2442490140617,2580.22958694326
"AL-RFD-MID-check","Albany","MO-RFD-MID","Soil_131","Soybean-MG4",2000,154,7,-9,72,-9,83,-9,92,-9,145,212,31.5042121551557,10.9684529321886,857.461648554184,975.132736203655,304.934654790458,0.312710919723213,358.810672837023,538.98,0,0,278.154359582911,35.1511582532063,170.198881258851,357.95888985403,45.7620743373032,528.157771112881,0.322250074821819,0,0,0,0,0,0,0,0,0,0,0,0,0,4,538.98,8.9085308056872,19.9649289099526,3226.93,528.157771112882,359.39,18.956043956044,29.4736263736264,1929.32,445.830662614545,179.59,1.28916666666667,12.7541666666667,1297.61,82.3271084983366,3504.99603207423
"AL-RFD-MID-check","Albany","MO-RFD-MID","Soil_131","Soybean-MG4",2001,154,7,-9,69,-9,81,-9,91,-9,173,212,32.7303894220823,10.6308738923051,813.19762763198,1084.89832349984,447.221606378823,0.412224442320182,374.01349788581,615.46,0,0,266.439170452478,59.6936608383422,166.535228222862,384.788732689761,100.977139879097,551.323960912623,0.30206419461108,0,0,0,0,0,0,0,0,0,0,0,0,0,4,615.46,11.3322274881517,22.2758293838863,3374.58,551.323960912624,396,19.6211111111111,29.9111111111111,2034.1,422.119474640854,219.46,5.16694214876033,16.596694214876,1340.48,129.204486271769,5140.47823423934
"AL-RFD-MID-check","Albany","MO-RFD-MID","Soil_131","Soybean-MG4",2002,154,6,-9,66,-9,78,-9,90,-9,140,212,34.1328370480647,8.14072206994912,686.960001782674,762.552642406453,213.851295430531,0.28044135386596,354.793741789708,322.84,0,0,251.045160364066,10.4800751477099,96.8150427458579,305.359838317018,0.900112957295574,402.174881062876,0.240728716050075,0,0,0,0,0,0,0,0,0,0,0,0,0,4,322.84,10.1715639810426,21.6981042654028,3313.27,402.174881062876,213.36,19.5112359550562,30.8224719101124,1965.93,337.183673163053,109.48,3.35819672131148,15.0418032786885,1347.34,64.991207899823,2458.0608670176
"AL-RFD-MID-check","Albany","MO-RFD-MID","Soil_131","Soybean-MG4",2003,154,8,-9,68,-9,79,-9,87,-9,170,212,33.0300104128871,6.67484766449303,501.723348331682,749.400433025551,300.92616271479,0.401555896491629,360.032764943715,472.18,0,0,279.575405266819,34.9133670283284,152.839641812867,317.361680423706,32.5575578453416,470.201322236574,0.325051493019768,0,0,0,0,0,0,0,0,0,0,0,0,0,4,472.18,10.0421800947867,21.7407582938389,3380.87,470.201322236574,233.66,18.6860465116279,31.1732558139535,2012.52,342.743269676815,238.52,4.0952,15.2512,1368.35,127.458052559759,3458.92141051483
"AL-RFD-MID-check","Albany","MO-RFD-MID","Soil_131","Soybean-MG4",2004,154,6,-9,75,-9,87,-9,99,-9,212,212,31.2926706373746,8.98380268329935,879.532325825613,1014.18983336888,319.855175079956,0.315379985635903,355.948702590517,558.06,0,0,258.292079382848,57.8383351146029,148.749510263645,378.566363518183,60.4902315211485,527.315873781828,0.282088057006205,0,0,0,0,0,0,0,0,0,0,0,0,0,4,558.06,9.1132701421801,21.2862559241706,3261.37,527.315873781828,405.41,16.3061224489796,28.4428571428572,2074.21,436.151147144476,152.65,2.87522123893805,15.0796460176991,1187.16,91.1647266373518,3676.49626528685
"AL-RFD-MID-check","Albany","MO-RFD-MID","Soil_131","Soybean-MG4",2005,154,5,-9,67,-9,79,-9,89,-9,131,212,35.2209266326331,9.61354513565557,621.389921563889,683.79630655699,197.176151187362,0.288355098289681,360.132429720539,517.67,0,0,295.462205734474,44.8924793159389,147.557419653603,314.896621995872,59.7052114790092,462.454041649475,0.319074775792416,0,0,0,0,0,0,0,0,0,0,0,0,0,4,517.67,9.52417061611374,22.5450236966825,3364.49,462.454041649475,333.25,18.8363636363636,32.2727272727273,2027.45,398.951981464316,184.42,2.86178861788618,15.5853658536585,1337.04,63.5020601851589,2266.39254238347
"AL-RFD-MID-check","Albany","MO-RFD-MID","Soil_131","Soybean-MG4",2006,154,5,-9,65,-9,79,-9,92,-9,212,212,34.5890968378295,12.8417941085989,807.411486214282,1059.81079955557,402.216802440874,0.379517554085638,353.788699780537,655.32,0,0,310.067364093932,81.310205916524,123.846312189176,460.752319259733,18.4266199019686,584.598631448909,0.211848446997262,0,0,0,0,0,0,0,0,0,0,0,0,0,4,655.32,9.86350710900474,22.6047393364929,3260.4,584.598631448909,401.07,19.0582417582417,32.356043956044,1976.95,449.78640365642,254.25,2.89083333333333,15.21,1283.45,134.812227792489,4623.18163725142
"AL-RFD-MID-check","Albany","MO-RFD-MID","Soil_131","Soybean-MG4",2007,154,6,-9,66,-9,77,-9,87,-9,129,212,34.7543186780561,9.80171340488501,635.436947479074,772.563153754412,265.865046801709,0.344133739112057,355.727011735039,480.176,0,0,326.233377761714,29.1397141302714,97.5440407639804,367.982443553405,0,465.526484317385,0.209534890172816,0,0,0,0,0,0,0,0,0,0,0,0,0,4,480.176,9.72890995260664,22.8407582938389,3383.69,465.526484317386,238.25,19.6093023255814,32.5151162790698,1985.17,356.109191344034,241.926,2.9312,16.1848,1398.52,109.417292973352,3055.92007818056
"AL-RFD-MID-check","Albany","MO-RFD-MID","Soil_131","Soybean-MG4",2008,154,5,-9,69,-9,81,-9,92,-9,212,212,33.4315307227927,7.37868726571808,609.675141516797,918.476964234954,416.45526778313,0.453419393190789,357.428100335635,735.56,0,0,349.771437042071,103.232327917678,205.518647657644,372.668547459225,48.8426253132891,578.187195116869,0.355453474918452,0,0,0,0,0,0,0,0,0,0,0,0,0,4,735.56,8.5701421800948,21.2255924170616,3233.98,578.18719511687,349.99,17.5307692307692,30.1439560439561,2000.71,404.27413467005,385.57,1.775,14.4625,1233.27,173.913060446819,4786.84215842679
"AL-RFD-MID-check","Albany","MO-RFD-MID","Soil_131","Soybean-MG4",2009,154,7,-9,73,-9,86,-9,101,-9,212,212,31.6773204382626,10.9104473003899,923.56475440351,963.263343778055,240.898177288584,0.250085481654215,354.72021472696,656.92,0,0,366.050829348292,48.4629903829078,177.611640253147,338.220227776765,67.9410678247803,515.831868029911,0.344320797649608,0,0,0,0,0,0,0,0,0,0,0,0,0,4,656.92,8.20805687203792,19.8781990521327,3092.63,515.831868029912,399.29,16.405,28.508,2074.31,456.8263943589,257.63,0.823423423423423,12.1036036036036,1018.32,59.0054736710112,2768.94456653545
"AL-RFD-MID-check","Albany","MO-RFD-MID","Soil_131","Soybean-MG4",2010,154,6,-9,67,-9,77,-9,87,-9,143,212,33.9231661876515,7.79667880592161,605.4596795777,856.115383256752,370.892788278537,0.433227571343973,353.882449130908,596.64,0,0,270.162304789122,67.1818256900526,157.475807423954,375.43247920892,65.9691181249758,532.908286632874,0.295502643464129,0,0,0,0,0,0,0,0,0,0,0,0,0,4,596.64,9.35592417061612,22.7417061611374,3341.24,532.908286632875,311.91,19.2895348837209,31.9011627906977,1894.53,378.472798798138,284.73,2.5216,16.44,1446.71,154.435487834736,4263.13549745445
"AL-RFD-MID-check","Albany","MO-RFD-MID","Soil_131","Soybean-MG4",2011,154,4,-9,66,-9,79,-9,90,-9,158,212,34.2569618716079,9.42893233831786,723.778388059366,806.520277655835,229.614234318488,0.284697410195148,354.395278385015,508.28,0,0,319.094305391698,40.4652098390363,126.578684375938,358.941017526176,4.24593567783321,485.519701902114,0.260707616766204,0,0,0,0,0,0,0,0,0,0,0,0,0,4,508.28,9.88578199052133,22.89336492891,3375.69,485.519701902114,313.96,19.9426966292135,31.9314606741573,1973.38,412.048222016762,194.32,2.54918032786885,16.3,1402.31,73.4714798853529,2639.2440726263
"AL-RFD-MID-check","Albany","MO-RFD-MID","Soil_131","Soybean-MG4",2012,154,6,-9,64,-9,77,-9,88,-9,172,212,35.259221960991,6.04672352261073,406.729121414575,503.722109370286,167.034601265366,0.331600694426893,354.926368345893,327.9,0,0,274.751982527394,26.634436133023,98.6894333204578,267.091849977914,0,365.781283298372,0.269804491991887,0,0,0,0,0,0,0,0,0,0,0,0,0,4,327.9,8.84123222748816,23.2857819905213,3548.18,365.781283298372,168.14,18.0747126436782,33.5724137931035,2133.76,289.646980448151,159.76,2.36290322580645,16.0685483870968,1414.42,76.1343028502209,1919.93794557892
"AL-RFD-MID-check","Albany","MO-RFD-MID","Soil_131","Soybean-MG4",2013,154,8,-9,71,-9,83,-9,91,-9,167,212,32.2258582250508,6.51893890917047,477.274372268464,617.865709867457,235.919196625741,0.381829243568719,355.343423177995,393.98,0,0,307.153485321294,26.2581102403566,141.631691303585,247.68672677698,14.6237234031414,389.318418080565,0.363793965879816,0,0,0,0,0,0,0,0,0,0,0,0,0,4,393.98,8.04454976303318,20.5459715639811,3280.96,389.318418080564,146.06,17.2777777777778,29.4411111111111,1926.69,289.528044184859,247.92,1.17685950413223,13.9297520661157,1354.27,99.7903738957059,2711.71490374414
"AL-RFD-MID-check","Albany","MO-RFD-MID","Soil_131","Soybean-MG4",2014,154,6,-9,76,-9,87,-9,100,-9,212,212,30.5103737504059,12.333092042675,1002.86350237093,1206.7025932774,417.572561429258,0.346044305991862,355.173658305302,898.13,0,0,299.576700486321,249.935303890568,219.695622281522,405.911235225687,69.5563091726869,625.606857507209,0.351172017450257,0,0,0,0,0,0,0,0,0,0,0,0,0,4,898.13,8.60521327014219,19.7113744075829,3136.86,625.60685750721,722.87,16.8272727272727,28.0868686868687,2035.97,481.560649302391,175.26,1.3375,12.3080357142857,1100.89,144.046208204819,4799.6846141294
"AL-RFD-MID-check","Albany","MO-RFD-MID","Soil_131","Soybean-MG4",2015,154,6,-9,74,-9,88,-9,97,-9,161,212,31.1262664189566,14.1159293518197,1136.32913151056,1263.42459502921,360.138178111972,0.285049206362527,377.961776245259,816.62,0,0,362.199694804575,124.943408295302,140.860681521471,475.938846121971,79.4699338968233,616.799527643442,0.22837352366278,0,0,0,0,0,0,0,0,0,0,0,0,0,4,816.62,10.3976303317536,22.1928909952607,3188.11,616.799527643441,568.97,17.7489583333333,29.21875,1974.04,521.106807267678,247.65,4.26086956521739,16.3278260869565,1214.07,95.6927203757644,4139.51928864335
"AL-RFD-MID-check","Albany","MO-RFD-MID","Soil_131","Soybean-MG4",2016,154,7,-9,70,-9,84,-9,96,-9,212,212,32.6755996029583,13.8020956444574,1095.97584284458,1460.58049649075,587.902977819073,0.402513233082046,353.800610461565,682.97,0,0,274.354562842765,79.7972038303714,131.272381474554,536.518864671311,2.61886008962576,667.791246145865,0.196576972567682,0,0,0,0,0,0,0,0,0,0,0,0,0,4,682.97,10.1,22.1872037914692,3328.16,667.791246145865,435.07,18.0463157894737,29.8284210526316,2078.57,485.480959431263,247.9,3.59224137931035,15.9293103448276,1249.59,182.310286714602,6757.50549217325
"AL-RFD-MID-check","Albany","MO-RFD-MID","Soil_131","Soybean-MG4",2017,154,6,-9,71,-9,83,-9,95,-9,139,212,32.4816697502964,9.29250859908665,852.378366171539,910.833530970998,244.577457127772,0.268520480210076,353.811906134877,693.13,0,0,298.259028784599,227.088072282175,113.481803628795,360.495830463705,35.9616766000423,473.9776340925,0.239424385173939,0,0,0,0,0,0,0,0,0,0,0,0,0,4,693.13,8.97962085308057,21.8592417061611,3403.02,473.9776340925,498.32,16.913829787234,30.068085106383,2195.05,417.970069911094,194.81,2.60512820512821,15.2641025641026,1207.97,56.0075641814066,2811.23513939968
"AL-RFD-MID-check","Albany","MO-RFD-MID","Soil_131","Soybean-MG4",2018,154,6,-9,69,-9,82,-9,94,-9,212,212,33.4767795034879,8.3651840651712,671.082133173021,893.209339754929,306.859952019537,0.343547630283098,355.363930639683,623.31,0,0,370.172378240321,73.6765829266913,97.1517277398989,400.253240518086,20.2485073790542,497.404968257984,0.195317163960272,0,0,0,0,0,0,0,0,0,0,0,0,0,4,623.31,8.10379146919431,21.1293838862559,3181.93,497.404968257984,322.83,16.4086021505376,31.247311827957,2021.51,348.684693349077,300.48,1.55847457627119,13.1550847457627,1160.42,148.720274908907,3527.12588528203
"AL-RFD-MID-check","Albany","MO-RFD-MID","Soil_131","Soybean-MG4",2019,154,5,-9,69,-9,82,-9,96,-9,212,212,33.7523487323795,11.5067318939009,820.901106762258,960.835197730897,317.473796526305,0.330414411624438,357.331562129008,634.44,0,0,348.187204397891,81.5198638348933,161.949854220646,349.586384185933,38.0422164812815,511.536238406579,0.316595075893577,0,0,0,0,0,0,0,0,0,0,0,0,0,4,634.44,9.54549763033176,21.1952606635071,3253.07,511.536238406579,319.28,17.8957894736842,29.5968421052632,2085.86,395.74821670484,315.16,2.70689655172414,14.3146551724138,1167.21,115.788021701739,3649.1240980035
"MV-RFD-MID-check","Mount Vernon","MO-RFD-MID","Soil_149","Soybean-MG4",1990,154,6,-9,62,-9,76,-9,85,-9,125,212,29.7797081754754,6.79544028363556,614.664705618864,795.261143811401,309.552159390753,0.38924592481305,352.882614587272,712.2,0,0,414.424721837838,97.3533439757801,189.630730752293,314.762225912912,30.7805654004009,504.392956665205,0.375958324251864,0,0,0,0,0,0,0,0,0,0,0,0,0,4,712.2,10.2113744075829,23.0943127962085,3495,504.392956665205,168.89,17.5928571428571,29.6511904761905,1911.67,330.192657676911,543.31,5.32913385826772,18.7574803149606,1583.33,174.200298988294,3558.07079759486
"MV-RFD-MID-check","Mount Vernon","MO-RFD-MID","Soil_149","Soybean-MG4",1991,154,6,-9,60,-9,71,-9,82,-9,137,212,30.0054767176885,6.25124216688286,558.127103269573,848.15629916891,377.950256200814,0.445613923484574,352.644165956052,624.58,0,0,361.278971812402,58.0119210400162,123.728719127633,353.994826374003,65.6974062150712,477.723545501637,0.258996485085765,0,0,0,0,0,0,0,0,0,0,0,0,0,4,624.58,10.1843601895735,22.6109004739336,3425.2,477.723545501637,156.72,18.1753086419753,31.3530864197531,1919.06,316.292884115152,467.86,5.20538461538462,17.1638461538462,1506.14,161.430661386485,4344.25581840016
"MV-RFD-MID-check","Mount Vernon","MO-RFD-MID","Soil_149","Soybean-MG4",1992,154,7,-9,71,-9,86,-9,97,-9,212,212,27.5492291602252,11.0084395660906,958.891482685384,1269.14295959295,495.426139015321,0.390362752494186,358.520414014101,925.55,0,0,359.214827270667,148.808745356942,179.596183243626,418.845702286861,170.508547643393,598.441885530487,0.300106305367352,0,0,0,0,0,0,0,0,0,0,0,0,0,4,925.55,9.38388625592417,20.5872037914692,3084.26,598.441885530488,381.99,16.0666666666667,26.959375,1933.17,432.270440037285,543.56,3.80521739130435,15.2678260869565,1151.09,166.171445493203,5694.55332201518
"MV-RFD-MID-check","Mount Vernon","MO-RFD-MID","Soil_149","Soybean-MG4",1993,154,7,-9,64,-9,76,-9,85,-9,212,212,28.3430123767525,9.68573517064378,833.87268957532,1039.07389524625,386.533616284546,0.371998197676731,356.137991626094,1069.57,0,0,359.705378136706,269.561569511989,242.618476035321,377.255728498552,165.856758360293,619.874204533873,0.391399536003862,0,0,0,0,0,0,0,0,0,0,0,0,0,4,1069.57,9.67535545023695,21.0009478672986,3225.05,619.874204533874,373.89,18.8619047619048,29.6071428571429,1811.08,453.845382500319,695.68,3.5992125984252,15.3086614173228,1413.97,166.028822033554,4442.91512970743
"MV-RFD-MID-check","Mount Vernon","MO-RFD-MID","Soil_149","Soybean-MG4",1994,154,6,-9,62,-9,75,-9,87,-9,153,212,29.8791095306354,7.49455016688168,660.643800820193,969.14536088647,389.729312894099,0.402137108243098,355.176348882556,674.37,0,0,359.010218716588,109.325577438636,135.901961771689,362.232136004663,51.5934214911165,498.134097776352,0.272822042053233,0,0,0,0,0,0,0,0,0,0,0,0,0,4,674.37,10.4341232227488,22.4706161137441,3248.49,498.134097776353,218.69,17.1918604651163,29.8872093023256,1950.02,339.540112802759,455.68,5.7848,17.368,1298.47,158.593984973594,4479.64727464482
"MV-RFD-MID-check","Mount Vernon","MO-RFD-MID","Soil_149","Soybean-MG4",1995,154,6,-9,63,-9,74,-9,83,-9,128,173,28.4985428658754,7.51644749021313,601.807714836883,638.354466847579,168.597171747416,0.264112151638899,360.173181956346,405.88,0,0,226.95999225265,31.9398335840534,163.057492763726,251.79950884239,80.1123624900985,414.857001606117,0.393045054398142,0,0,0,0,0,0,0,0,0,0,0,0,0,1,405.63,13.0337209302326,25.6331395348837,3140.9,414.716508328609,298.7,18.1792682926829,29.9231707317073,1848.83,372.273358251607,106.93,8.34555555555556,21.7244444444444,1292.07,42.443150077002,1937.89852583237
"MV-RFD-MID-check","Mount Vernon","MO-RFD-MID","Soil_149","Soybean-MG4",1996,154,7,-9,66,-9,78,-9,88,-9,146,212,28.7990583259405,7.97837159668291,776.081029477841,947.032860101981,340.15363353774,0.359178279728446,358.753362549361,714.25,0,0,360.029307894867,110.930327212651,143.029552429375,343.177769733115,105.692763455914,486.20732216249,0.294173999258643,0,0,0,0,0,0,0,0,0,0,0,0,0,4,714.25,9.54028436018957,21.3800947867299,3313.21,486.20732216249,210.58,17.464367816092,29.0574712643678,1894.5,361.137368554361,503.67,3.98064516129032,15.9935483870968,1418.71,125.069953608128,3909.81187974414
"MV-RFD-MID-check","Mount Vernon","MO-RFD-MID","Soil_149","Soybean-MG4",1997,154,8,-9,64,-9,78,-9,90,-9,140,212,28.3167456269822,8.2654747309291,846.603772665087,1046.38198147913,381.394469824243,0.364488758956951,355.931646587194,596.07,0,0,348.25914113081,51.8957288867201,155.130584320698,386.613030344304,0.416244847635552,541.743614665002,0.286354246033201,0,0,0,0,0,0,0,0,0,0,0,0,0,4,596.07,9.93838862559241,20.9611374407583,3358.52,541.743614665002,279.88,16.8943820224719,28.6943820224719,1980.31,411.692782507266,316.19,4.86393442622951,15.3196721311475,1378.21,130.050832157736,4383.84448073843
"MV-RFD-MID-check","Mount Vernon","MO-RFD-MID","Soil_149","Soybean-MG4",1998,154,7,-9,63,-9,77,-9,86,-9,123,179,29.4491408839952,13.4866675317547,959.681105284929,1083.83149548727,334.683664523687,0.308796769532167,353.664078074754,608.83,0,0,300.344090337846,76.3155104893388,172.744730530156,395.660956870799,8.05222303480637,568.405687400955,0.303910981820105,0,0,0,0,0,0,0,0,0,0,0,0,0,1,608.83,14.1966292134832,25.9859550561798,3133.83,568.404149855803,328.93,18.9917647058823,30.3247058823529,1882.06,450.31674685538,279.9,9.81397849462365,22.0204301075269,1251.77,118.087403000423,3846.93867268606
"MV-RFD-MID-check","Mount Vernon","MO-RFD-MID","Soil_149","Soybean-MG4",1999,154,5,-9,61,-9,71,-9,82,-9,129,161,28.8405503344921,5.29887055878321,488.315217544581,573.346795387067,184.565202167638,0.321908491775973,354.761258474177,235.98,0,0,190.269735108127,7.5411753108145,122.350723131471,236.394835955161,19.3887082432162,358.745559086632,0.34105153369139,0,0,0,0,0,0,0,0,0,0,0,0,0,1,235.98,13.733125,27.423125,3142.51,358.654940169108,141.74,18.1901234567901,30.341975308642,1881.09,292.109335966278,94.24,9.16329113924051,24.4303797468354,1261.42,66.5456042028307,2121.43910537515
"MV-RFD-MID-check","Mount Vernon","MO-RFD-MID","Soil_149","Soybean-MG4",2000,154,8,-9,67,-9,77,-9,86,-9,123,152,27.7539681579557,8.88705540993327,807.04585428252,847.662396764206,217.406029463613,0.256477142661419,358.811747987341,511.55,0,0,237.896651878353,64.8035478100818,160.854180139875,309.54962372722,86.7283321024443,470.403803867095,0.34194914840723,0,0,0,0,0,0,0,0,0,0,0,0,0,1,511.55,15.3927152317881,27.7331125827815,2888.76,470.224501274843,381.25,18.1741176470588,28.9164705882353,1817.97,411.399506671026,130.3,11.8106060606061,26.2090909090909,1070.79,58.8249946038165,2498.91987889211
"MV-RFD-MID-check","Mount Vernon","MO-RFD-MID","Soil_149","Soybean-MG4",2001,154,6,-9,62,-9,73,-9,83,-9,141,212,29.205392487092,8.26176074690161,713.721149194892,925.581100525602,361.447037999534,0.390508230769062,366.076898691869,576.03,0,0,359.708338639241,40.0865560253476,163.590292659203,355.929261373601,12.1130585572772,519.519554032804,0.314887652234304,0,0,0,0,0,0,0,0,0,0,0,0,0,4,576.03,10.6834123222749,23.0345971563981,3578.44,519.519554032804,192,18.8219512195122,30.2768292682927,1918.93,355.079069811769,384.03,5.51007751937985,18.431007751938,1659.51,164.440484221035,4154.56365516706
"MV-RFD-MID-check","Mount Vernon","MO-RFD-MID","Soil_149","Soybean-MG4",2002,154,6,-9,64,-9,76,-9,88,-9,124,212,29.045423692715,8.88821074303019,944.231684646591,1002.13652586732,261.836026446441,0.261277799668891,353.10313133711,512.31,0,0,320.78927978214,43.9826154953918,118.148878045409,371.544153442906,0,489.693031488315,0.241271307631888,0,0,0,0,0,0,0,0,0,0,0,0,0,4,512.31,10.0345971563981,21.8933649289099,3375.57,489.693031488315,314.96,18.3597701149425,29.4689655172414,1948.88,427.858177875348,197.35,4.19354838709677,16.5782258064516,1426.69,61.8348536129667,3009.60949938438
"MV-RFD-MID-check","Mount Vernon","MO-RFD-MID","Soil_149","Soybean-MG4",2003,154,8,-9,66,-9,78,-9,86,-9,150,212,28.5798165930949,8.48906741422787,783.115867781888,1087.72526041348,441.174538075685,0.405593723095094,362.803498210475,614.66,0,0,361.877360150662,56.594875889876,145.758425952891,390.316962147769,10.6785979323117,536.075388100659,0.271899119393113,0,0,0,0,0,0,0,0,0,0,0,0,0,4,614.66,10.2919431279621,21.9241706161137,3497.1,536.07538810066,228.59,17.6823529411765,29.4376470588235,2014.95,376.497048312781,386.07,5.30634920634921,16.8555555555556,1482.15,159.578339787878,5070.97170201936
"MV-RFD-MID-check","Mount Vernon","MO-RFD-MID","Soil_149","Soybean-MG4",2004,154,6,-9,72,-9,85,-9,96,-9,147,212,27.4719467143325,9.86710097101364,970.836600297167,999.665646956139,241.387528746175,0.241468264395372,354.5067381467,635.28,0,0,355.193060225551,87.5852414054414,174.054812475031,296.050286710623,69.8628257279981,470.105099185654,0.370246595445444,0,0,0,0,0,0,0,0,0,0,0,0,0,4,635.28,10.1341232227488,21.4170616113744,3304.43,470.105099185655,258.32,16.5294736842105,26.8357894736842,1996.56,407.247428265409,376.96,4.89655172413793,16.9793103448276,1307.87,62.8576709202458,2774.56929593305
"MV-RFD-MID-check","Mount Vernon","MO-RFD-MID","Soil_149","Soybean-MG4",2005,154,5,-9,60,-9,71,-9,81,-9,121,157,30.5103039227535,6.18199811407881,530.012251678513,755.584508044826,298.323701136755,0.394825063193403,354.655963277863,377.19,0,0,206.938556458093,38.782521811014,153.356244514403,312.251721601851,6.46401246681326,465.607966116253,0.329367742123451,0,0,0,0,0,0,0,0,0,0,0,0,0,1,377.19,15.3801282051282,28.1576923076923,3096.01,465.49011274061,204.47,18.6525,31.1525,1884.68,344.032426849354,172.72,11.9355263157895,25.0052631578947,1211.33,121.457685891256,3429.00805904316
"MV-RFD-MID-check","Mount Vernon","MO-RFD-MID","Soil_149","Soybean-MG4",2006,154,6,-9,59,-9,69,-9,79,-9,126,210,29.7258926696725,5.2432575544885,501.203441605609,711.091849174927,283.155231791449,0.398197830730294,357.034109598513,579.62,0,0,383.740774988693,89.2613108937776,69.9544292914829,362.13299770449,12.9884197614497,432.087426995973,0.161898784646041,0,0,0,0,0,0,0,0,0,0,0,0,0,1,552.19,9.92200956937799,24.3377990430622,3474.04,432.057054593332,139.46,18.1435897435897,33.2,1868.41,297.16460721599,412.73,5.0267175572519,19.0610687022901,1605.63,134.892447377343,3254.65783668332
"MV-RFD-MID-check","Mount Vernon","MO-RFD-MID","Soil_149","Soybean-MG4",2007,154,6,-9,62,-9,72,-9,81,-9,125,169,29.2443654417838,6.04239615582216,563.99246962367,918.962421294973,417.733433861459,0.454570746508657,354.470109651689,561.84,0,0,249.706619298866,81.8310251496035,110.94649579527,413.554243025224,45.3483158121715,524.500738820494,0.211527816042296,0,0,0,0,0,0,0,0,0,0,0,0,0,1,561.84,14.0970238095238,27.6214285714286,3151.15,524.243379507614,252.22,18.3375,31.30875,1813.96,321.25193918422,309.62,10.2420454545455,24.2693181818182,1337.19,202.991440323394,4801.5337225455
"MV-RFD-MID-check","Mount Vernon","MO-RFD-MID","Soil_149","Soybean-MG4",2008,154,5,-9,61,-9,73,-9,86,-9,135,212,29.0532155462499,7.70759548368203,786.407029769567,1085.39961720795,457.285281383221,0.421305917316915,360.602135180294,827.02,0,0,314.644154771189,161.617561086089,195.009109883769,424.880480010926,79.1861066235222,619.889589894696,0.314586844274796,0,0,0,0,0,0,0,0,0,0,0,0,0,4,827.02,9.87203791469195,22.9559241706161,3383.34,619.889589894696,467.1,18.1658823529412,29.8976470588235,1879.37,451.800435049791,359.92,4.27698412698413,18.2730158730159,1503.97,168.089154844905,5256.15265957726
"MV-RFD-MID-check","Mount Vernon","MO-RFD-MID","Soil_149","Soybean-MG4",2009,154,6,-9,65,-9,75,-9,89,-9,212,212,29.5242160415175,7.69682823610756,801.934262340482,1034.07799448049,404.63149316703,0.391296880241914,358.218306872303,829.8,0,0,363.89174166393,147.019643176036,165.212841307106,400.036206679547,97.5055955919306,565.249047986653,0.292283272117969,0,0,0,0,0,0,0,0,0,0,0,0,0,4,829.8,9.5388625592417,21.6355450236967,3173.14,565.249047986653,285.24,16.9840909090909,29.8306818181818,1939.71,416.863827838666,544.56,4.21219512195122,15.7723577235772,1233.43,148.385220147987,4650.93670306931
"MV-RFD-MID-check","Mount Vernon","MO-RFD-MID","Soil_149","Soybean-MG4",2010,154,5,-9,58,-9,69,-9,79,-9,126,162,30.9349465029075,8.42830276986455,630.279943554616,979.381260536513,427.224448488369,0.436218728806728,357.30504252227,642.63,0,0,237.495014919605,155.475891281265,137.035653424793,451.458167515556,4.43409703274903,588.493820940349,0.232858270637106,0,0,0,0,0,0,0,0,0,0,0,0,0,1,637.8,15.0993788819876,29.2608695652174,3247.13,588.491496047421,251.71,20.2192307692308,33.0884615384616,1836.7,392.487094871372,386.09,10.2879518072289,25.6638554216868,1410.43,196.004401176049,4910.62584469389
"MV-RFD-MID-check","Mount Vernon","MO-RFD-MID","Soil_149","Soybean-MG4",2011,154,5,-9,55,-9,66,-9,78,-9,126,173,31.194427523816,5.16581683328097,518.536981614779,669.42589174803,252.784697939276,0.377614163203631,356.671542179108,535.92,0,0,348.259496471286,53.1638567056787,119.028512848977,353.460499548412,0,472.489012397389,0.251918054654925,0,0,0,0,0,0,0,0,0,0,0,0,0,1,535.67,13.9517441860465,28.6011627906977,3276.14,470.98901239739,181.35,20.2922077922078,34.5142857142857,1836.91,343.601907376411,354.32,8.81263157894737,23.8084210526316,1439.23,127.387105020979,2905.57124068134
"MV-RFD-MID-check","Mount Vernon","MO-RFD-MID","Soil_149","Soybean-MG4",2012,154,6,-9,55,-9,66,-9,78,-9,121,183,31.2784510216808,4.4234023439393,312.981054318443,521.173122623184,239.55529187,0.459646289248885,352.877735273356,463.29,0,0,290.033688337992,73.2162042391051,136.890175287982,297.375396906485,0,434.265572194467,0.315222260415987,0,0,0,0,0,0,0,0,0,0,0,0,0,1,463.29,12.3142857142857,27.5313186813187,3367.91,432.765572194467,108.46,18.674025974026,34.6961038961039,1872.05,261.67227523143,354.83,7.65047619047619,22.2771428571429,1495.86,171.093296963036,2753.50910195403
"MV-RFD-MID-check","Mount Vernon","MO-RFD-MID","Soil_149","Soybean-MG4",2013,154,7,-9,62,-9,77,-9,88,-9,128,212,29.9275896045785,11.8529097990321,840.365834059561,951.874432219139,293.670541265615,0.308518152526662,352.932493703082,727.72,0,0,367.584852171411,104.12124536561,174.58073488077,394.573460862041,25.6269007341082,569.15419574281,0.30673714818692,0,0,0,0,0,0,0,0,0,0,0,0,0,4,727.72,9.00616113744075,22.4417061611375,3434.78,569.154195742811,361.19,17.5241379310345,30.3379310344828,1924.03,441.493398405337,366.53,3.02983870967742,16.9016129032258,1510.75,127.660797337474,3375.52346282316
"MV-RFD-MID-check","Mount Vernon","MO-RFD-MID","Soil_149","Soybean-MG4",2014,154,6,-9,65,-9,77,-9,85,-9,137,212,28.7454049980234,6.61343157046825,627.916454363304,899.427112730458,379.915065557263,0.422396723625472,353.258840108944,776.97,0,0,355.888341266987,99.0066032469852,200.594291732078,372.768083898016,89.7512206381772,573.362375630094,0.349856042632089,0,0,0,0,0,0,0,0,0,0,0,0,0,4,776.97,9.8,22.0421800947867,3345.79,573.362375630095,321.84,17.2619047619048,29.7035714285714,1891.21,380.468840921915,455.13,4.86456692913386,16.9748031496063,1454.58,192.893534708179,4366.83983399153
"MV-RFD-MID-check","Mount Vernon","MO-RFD-MID","Soil_149","Soybean-MG4",2015,154,5,-9,62,-9,75,-9,89,-9,135,212,29.851856401058,13.7389829390377,1148.40106973345,1400.08211579928,478.768013022789,0.341957094959011,355.295039686079,1358.34,0,0,417.958031688804,371.994768991534,184.791198331854,543.398119738975,165.418025828045,728.189318070829,0.253768070673456,0,0,0,0,0,0,0,0,0,0,0,0,0,4,1358.34,11.2881516587678,24.0383886255924,3372.58,728.189318070829,696.69,19.0420454545455,30.2215909090909,1891.8,563.202576016237,661.65,5.74065040650407,19.6146341463415,1480.78,164.986742054593,5503.08060945735
"MV-RFD-MID-check","Mount Vernon","MO-RFD-MID","Soil_149","Soybean-MG4",2016,154,6,-9,61,-9,73,-9,85,-9,120,142,30.2569595396697,11.6446320680157,930.585932038397,1021.94746723545,293.108253218473,0.28681342497123,358.56656129105,460.49,0,0,247.823718147809,33.2165284386049,112.7484016729,413.038902922807,0,525.787304595706,0.214437284216277,0,0,0,0,0,0,0,0,0,0,0,0,0,1,460.49,17.2269503546099,29.9304964539007,2871.75,525.38538080706,301.99,19.3892857142857,31.375,1907.98,436.697282530981,158.5,14.040350877193,27.8017543859649,963.77,88.6880982760788,3369.06038182152
"MV-RFD-MID-check","Mount Vernon","MO-RFD-MID","Soil_149","Soybean-MG4",2017,154,6,-9,61,-9,77,-9,89,-9,125,155,29.6655942690583,10.4564511150902,935.947142029271,981.3886853881,246.299529686249,0.250970419114673,357.529425613006,460.72,0,0,211.683222512124,59.6177119163906,141.985413499235,391.361640093839,1.32371804431299,533.347053593074,0.266215801779914,0,0,0,0,0,0,0,0,0,0,0,0,0,1,460.47,14.4292207792208,28.0214285714286,3080.19,533.346197215177,380.73,17.3329545454545,30.1534090909091,2050.66,476.095894706465,79.74,10.5575757575758,25.1787878787879,1029.53,57.250302508712,2831.02907685344
"MV-RFD-MID-check","Mount Vernon","MO-RFD-MID","Soil_149","Soybean-MG4",2018,154,6,-9,57,-9,69,-9,81,-9,125,212,30.7247098495241,5.928605442793,560.557745626847,957.039192109387,410.324088994498,0.428743245185302,356.495353163888,672.81,0,0,393.545222049916,63.1298816857677,95.1209343685403,415.467454578378,40.9125161198376,510.588388946918,0.186296704797236,0,0,0,0,0,0,0,0,0,0,0,0,0,4,672.81,10.8729857819905,23.0265402843602,3287.57,510.588388946918,188.67,18.685,32.45625,1822.31,284.442757174254,484.14,6.10229007633588,17.2679389312977,1465.26,226.145631772664,4716.36883901722
"MV-RFD-MID-check","Mount Vernon","MO-RFD-MID","Soil_149","Soybean-MG4",2019,154,6,-9,64,-9,75,-9,87,-9,120,206,28.4182681541122,7.84226202229741,768.122515794975,978.358158170006,308.942556866751,0.31577654286097,354.725256358366,795.26,0,0,355.560734882409,98.7226620149533,210.89045799337,389.664726510007,84.573336635387,600.555184503377,0.351159166443236,0,0,0,0,0,0,0,0,0,0,0,0,0,1,795.26,10.8609756097561,23.3190243902439,3323.65,600.527087815738,427.72,17.8860465116279,29.5837209302326,1860.58,432.180382516469,367.54,5.78403361344538,18.7915966386555,1463.07,168.346705299269,3551.06387203162
"NV-RFD-MID-check","Novelty","MO-RFD-MID","Soil_167","Soybean-MG4",1990,154,7,-9,75,-9,84,-9,92,-9,152,212,31.6429240235919,9.40664817198549,701.586372886799,802.649018703017,254.415388620092,0.316969662569571,348.647292959627,504.71,0,0,334.100644149728,29.5737801927605,140.886559449705,323.405140227105,15.1766901652487,464.29169967681,0.303444062316374,0,0,0,0,0,0,0,0,0,0,0,0,0,4,504.71,9.05924170616113,22.2876777251185,3128.53,464.291699676811,254.28,17.1065934065934,29.7813186813187,1849.84,382.650835259675,250.43,2.95666666666666,16.605,1278.69,81.6408644171361,2924.3148117252
"NV-RFD-MID-check","Novelty","MO-RFD-MID","Soil_167","Soybean-MG4",1991,154,6,-9,69,-9,81,-9,90,-9,148,212,33.3760977393685,7.21619270413351,550.036283034418,670.306548652664,239.999272520981,0.35804405164083,345.565373682667,572,0,0,352.807642706663,89.0462659465532,128.712065024332,300.479468099605,33.4601677211909,429.191533123937,0.299894231574144,0,0,0,0,0,0,0,0,0,0,0,0,0,4,572,8.88199052132701,22.0791469194313,3233.21,429.191533123937,175.25,16.9651685393258,31.0348314606742,1989.53,320.580035192801,396.75,2.98524590163934,15.5459016393443,1243.68,108.611497931136,2758.61232782737
"NV-RFD-MID-check","Novelty","MO-RFD-MID","Soil_167","Soybean-MG4",1992,154,7,-9,78,-9,90,-9,102,-9,212,212,29.9731590543765,12.4923200897039,937.311145861352,1063.88194510258,324.446507621768,0.304964765231057,346.83227346885,651.22,0,0,359.1609875309,46.926850939889,130.860670787994,371.225474019473,81.7255958807868,502.086144807467,0.260633901455646,0,0,0,0,0,0,0,0,0,0,0,0,0,4,651.22,9.07535545023697,20.0601895734597,2886.45,502.086144807468,327.39,15.7346534653465,28.0277227722772,1949.03,422.669785421542,323.83,2.96090909090909,12.7445454545455,937.42,79.4163593859257,3729.27020254906
"NV-RFD-MID-check","Novelty","MO-RFD-MID","Soil_167","Soybean-MG4",1993,154,7,-9,74,-9,84,-9,95,-9,212,212,31.176130730765,14.8824626663172,1015.79339491743,1194.35034955019,389.381956749347,0.326019879255693,350.403646968575,734.8,0,0,353.159048596627,58.6620639866315,210.424711937988,390.885386993105,63.055488814636,601.310098931094,0.349943751671634,0,0,0,0,0,0,0,0,0,0,0,0,0,4,734.8,10.1009478672986,20.024644549763,2925.38,601.310098931094,427.73,18.9553191489362,29.2042553191489,1814.78,461.220266639794,307.07,2.98717948717949,12.6495726495727,1110.6,140.089832291299,4475.65467527985
"NV-RFD-MID-check","Novelty","MO-RFD-MID","Soil_167","Soybean-MG4",1994,154,6,-9,70,-9,81,-9,91,-9,143,212,32.1685517293793,7.59873524516982,669.289330344499,834.235395031589,285.846823119113,0.342645283119748,345.934230483226,474.48,0,0,352.139391896517,20.6591987341618,97.6022526745561,326.276301032605,11.7683290667764,423.878553707161,0.230259945498411,0,0,0,0,0,0,0,0,0,0,0,0,0,4,474.48,10.6440758293839,22.2407582938389,3190.72,423.878553707161,205.74,17.5877777777778,30.2788888888889,1943.17,319.126720523775,268.74,5.4793388429752,16.2619834710744,1247.55,104.751833183386,3285.59566803579
"NV-RFD-MID-check","Novelty","MO-RFD-MID","Soil_167","Soybean-MG4",1995,154,6,-9,69,-9,82,-9,91,-9,212,212,32.3279957803986,14.4638051887943,852.626788697808,1047.51771600961,379.335509725443,0.362128013615343,358.20615928018,525.27,0,0,265.845905507115,57.8882509715188,129.548026930763,407.765917932569,11.2516194975698,537.313944863331,0.241103042586609,0,0,0,0,0,0,0,0,0,0,0,0,0,4,525.27,9.76303317535544,21.0526066350711,3190.22,537.313944863331,325.36,19.1088888888889,30.4833333333333,1952.12,434.531373996483,199.91,2.81157024793389,14.0380165289256,1238.1,102.782570866848,4360.17827270624
"NV-RFD-MID-check","Novelty","MO-RFD-MID","Soil_167","Soybean-MG4",1996,154,8,-9,70,-9,82,-9,94,-9,212,212,32.0039151385276,9.44573941552234,727.518348219916,860.227718111717,290.626250343369,0.33784804212229,350.944509076856,387.1,0,0,253.772176758379,17.5783088290522,143.196348735995,309.590905958115,3.49744796667295,452.78725469411,0.316255255092669,0,0,0,0,0,0,0,0,0,0,0,0,0,4,387.1,9.29526066350711,20.4123222748815,3152.19,452.78725469411,243.84,17.6043010752688,29.1591397849462,1965.41,379.000739829631,143.26,2.74661016949153,13.5186440677966,1186.78,73.7865148644789,3340.53161314217
"NV-RFD-MID-check","Novelty","MO-RFD-MID","Soil_167","Soybean-MG4",1997,154,7,-9,70,-9,83,-9,92,-9,130,212,32.5337330699103,9.87566286688469,697.657995079118,756.989795540138,212.159862792484,0.280267797587814,350.873742945962,393.18,0,0,316.186788901405,13.1954456601787,101.695180722857,293.530980448391,6.6227029792005,395.226161171248,0.257308829004347,0,0,0,0,0,0,0,0,0,0,0,0,0,4,393.18,10.4407582938389,21.1345971563981,3227.71,395.226161171248,203.45,18.1615384615385,29.7725274725275,1978.71,335.733543695455,189.73,4.58583333333333,14.5841666666667,1249,59.4926174757927,2438.61911255729
"NV-RFD-MID-check","Novelty","MO-RFD-MID","Soil_167","Soybean-MG4",1998,154,8,-9,71,-9,81,-9,89,-9,136,212,32.4709181709578,8.81137881125314,676.346928977438,885.337490102399,341.658792684666,0.385907968999651,348.85214643898,817.91,0,0,352.941665248067,135.337457131462,207.551031483441,326.087535652491,134.113012259091,533.638567135932,0.388935590988821,0,0,0,0,0,0,0,0,0,0,0,0,0,4,817.91,11.8706161137441,22.4331753554502,3099.61,533.638567135932,285.52,19.1954545454545,29.7193181818182,1803.13,385.440350583802,532.39,6.63008130081301,17.220325203252,1296.48,148.19821655213,3927.11255959386
"NV-RFD-MID-check","Novelty","MO-RFD-MID","Soil_167","Soybean-MG4",1999,154,5,-9,65,-9,77,-9,88,-9,144,212,33.0777445192918,6.44038767074954,473.760347052294,595.346976078197,223.471665306208,0.375363736250598,347.752741019345,407.4,0,0,300.022044939748,54.0052345423423,132.532769575228,255.558727246988,0,388.091496822216,0.341498771965986,0,0,0,0,0,0,0,0,0,0,0,0,0,4,407.4,10.6085308056872,23.5042654028436,3369.78,388.091496822217,152.39,18.7574712643678,31.1149425287356,1897.27,296.608881672158,255.01,4.89112903225806,18.1645161290323,1472.51,91.4826151500581,2568.63983110583
"NV-RFD-MID-check","Novelty","MO-RFD-MID","Soil_167","Soybean-MG4",2000,154,7,-9,71,-9,83,-9,92,-9,143,212,31.5183020266486,10.9527541721263,794.122413234147,935.793588362486,315.030026432089,0.336644779735401,345.552476525471,603.9,0,0,314.773199853182,41.9563210612616,187.111093088382,347.939456042567,47.2517154970755,535.050549130949,0.349707319041716,0,0,0,0,0,0,0,0,0,0,0,0,0,4,603.9,9.33649289099526,20.4663507109005,3061.68,535.05054913095,375.65,18.6956043956044,29.4648351648352,1812.49,439.388480382861,228.25,2.23916666666667,13.6425,1249.19,95.6620687480892,3621.03478657574
"NV-RFD-MID-check","Novelty","MO-RFD-MID","Soil_167","Soybean-MG4",2001,154,7,-9,68,-9,80,-9,90,-9,158,212,32.8870264223078,9.08033527285786,659.699277419779,927.737026987539,391.03298261783,0.421491189036139,350.049448009861,577.6,0,0,310.822563920249,62.4874520281678,129.997415993466,359.315046416028,53.0674892270449,489.312462409494,0.265673625710097,0,0,0,0,0,0,0,0,0,0,0,0,0,4,577.6,11.4018957345972,22.8445497630332,3279.74,489.312462409494,286.54,18.9089887640449,30.3449438202247,1951.06,334.518505353733,291.06,5.92540983606558,17.3729508196721,1328.68,154.793957055761,4494.63198411299
"NV-RFD-MID-check","Novelty","MO-RFD-MID","Soil_167","Soybean-MG4",2002,154,6,-9,67,-9,79,-9,91,-9,134,212,33.8362168941407,9.01870570484438,742.40297691191,828.39264226693,242.860064764227,0.29317023398425,344.967299052376,426.72,0,0,253.111085051862,38.2718894605133,124.728882639388,331.57200360636,11.936495671524,456.300886245748,0.273347886009175,0,0,0,0,0,0,0,0,0,0,0,0,0,4,426.72,10.4957345971564,22.2881516587678,3268.25,456.300886245748,298.69,19.1833333333333,30.7333333333333,1960.4,380.853577461745,128.03,4.03388429752066,16.0066115702479,1307.85,75.4473087840031,2791.49499728997
"NV-RFD-MID-check","Novelty","MO-RFD-MID","Soil_167","Soybean-MG4",2003,154,7,-9,72,-9,81,-9,90,-9,212,212,32.0810233752702,8.46818179508678,696.268737802852,1079.58553210447,468.196360710949,0.433681581299333,351.283679896155,744.47,0,0,355.144662680911,122.273339572819,143.311228596099,416.911801884117,44.3673293499949,560.223030480216,0.255811026678525,0,0,0,0,0,0,0,0,0,0,0,0,0,4,744.47,10.3644549763033,21.8938388625592,3313.04,560.223030480216,270.51,18.2595505617978,30.2089887640449,2004.24,362.181177385833,473.96,4.60491803278689,15.827868852459,1308.8,198.041853094383,5381.56736449367
"NV-RFD-MID-check","Novelty","MO-RFD-MID","Soil_167","Soybean-MG4",2004,154,6,-9,76,-9,90,-9,102,-9,212,212,30.5762016374153,12.9434828118843,1111.88148880672,1278.77433275887,397.131142716195,0.310556079006851,348.480274300127,791.18,0,0,352.153438898094,94.134868664658,200.979985685016,430.172337538719,53.41881083244,631.152323223735,0.318433408687258,0,0,0,0,0,0,0,0,0,0,0,0,0,4,791.18,10.232701421801,21.1071090047393,3186.66,631.152323223736,510.26,16.3930693069307,27.6821782178218,2092.65,526.482322971411,280.92,4.57636363636364,15.07,1094.01,104.670000252325,4564.72577834707
"NV-RFD-MID-check","Novelty","MO-RFD-MID","Soil_167","Soybean-MG4",2005,154,5,-9,65,-9,77,-9,88,-9,123,212,34.7531727375469,7.00783325009522,471.680379825864,544.203672923642,172.819721115796,0.317564415152421,348.32301426846,417.34,0,0,320.769741760871,26.1865368020692,141.337202461709,238.064321868013,26.0387567343657,379.401524329722,0.372526712198653,0,0,0,0,0,0,0,0,0,0,0,0,0,4,417.34,10.8919431279621,22.6284360189573,3312.34,379.401524329722,215.15,18.983908045977,31.8436781609195,1979.69,312.287675809418,202.19,5.21451612903226,16.1629032258065,1332.65,67.1138485203043,1986.43357604363
"NV-RFD-MID-check","Novelty","MO-RFD-MID","Soil_167","Soybean-MG4",2006,154,5,-9,67,-9,81,-9,94,-9,177,212,33.6868670002038,12.9023380444805,861.864485040967,929.135437342212,253.88534086676,0.273249012644483,344.676399454895,529.35,0,0,364.451850242179,35.3907373072751,88.4317242600017,356.597468353911,15.6558580574533,445.029192613913,0.198709940218958,0,0,0,0,0,0,0,0,0,0,0,0,0,4,529.35,10.7497630331754,22.1379146919431,3135.43,445.029192613913,293.36,18.9440860215054,30.5913978494624,1945.77,388.077461329466,235.99,4.29152542372881,15.4754237288136,1189.66,56.9517312844468,2918.22230881333
"NV-RFD-MID-check","Novelty","MO-RFD-MID","Soil_167","Soybean-MG4",2007,154,6,-9,68,-9,78,-9,90,-9,126,171,32.7232966970062,8.24831613581255,751.898610594727,848.380669199784,256.366889674205,0.302183794352619,349.360952807361,394.95,0,0,261.129410108926,24.4172182180261,94.1022775032866,351.954325912871,0,446.056603416158,0.210964879305894,0,0,0,0,0,0,0,0,0,0,0,0,0,1,383.52,14.6952941176471,27.235294117647,3100.48,446.054445455242,232.88,18.9112359550562,31.0101123595506,1984.7,363.603027298606,150.64,10.062962962963,23.0876543209877,1115.78,82.4514181566357,2946.74585832419
"NV-RFD-MID-check","Novelty","MO-RFD-MID","Soil_167","Soybean-MG4",2008,154,5,-9,72,-9,85,-9,96,-9,212,212,32.0520811403457,12.5054542640284,1010.29910838051,1357.89240271812,557.424444583099,0.410507079550113,347.792188694566,1028.44,0,0,374.335763187163,202.875325143592,219.045549736375,466.499452297884,97.9534485194349,685.545002034259,0.319520307326854,0,0,0,0,0,0,0,0,0,0,0,0,0,4,1028.44,9.88199052132702,20.8080568720379,3169.64,685.545002034259,607.83,17.9642105263158,29.0726315789474,2017.89,477.092689575547,420.61,3.26293103448276,14.0396551724138,1151.75,208.452312458712,6407.17752394367
"NV-RFD-MID-check","Novelty","MO-RFD-MID","Soil_167","Soybean-MG4",2009,154,7,-9,73,-9,88,-9,103,-9,212,212,30.9293949643647,11.6852986094579,1006.6069953149,1115.2232617823,325.393894923441,0.291774666180664,366.320494104469,798.32,0,0,356.862720049748,85.7339168795766,183.545537781807,347.722785403599,179.485374715719,531.268323185406,0.34548556684369,0,0,0,0,0,0,0,0,0,0,0,0,0,4,798.32,9.37867298578199,19.1838862559242,2995.3,531.268323185406,376.91,16.4235294117647,27.3666666666667,2067.66,444.315576051184,421.41,2.78623853211009,11.5266055045872,927.64,86.9527471342227,3740.15971176369
"NV-RFD-MID-check","Novelty","MO-RFD-MID","Soil_167","Soybean-MG4",2010,154,5,-9,70,-9,81,-9,91,-9,158,212,33.4440773321376,14.2696295307026,1005.63696199291,1307.67983626075,517.178014934194,0.395492842049964,351.105761633808,775.2,0,0,272.872225772626,122.428560632119,193.01463215462,479.539206303526,48.5460548005682,672.553838458145,0.286987630012064,0,0,0,0,0,0,0,0,0,0,0,0,0,4,775.2,10.7431279620853,21.8962085308057,3285.9,672.553838458146,486.92,19.9833333333333,30.55,1935.01,501.195131797605,288.28,3.8702479338843,15.4595041322314,1350.89,171.35870666054,5944.57488430108
"NV-RFD-MID-check","Novelty","MO-RFD-MID","Soil_167","Soybean-MG4",2011,154,5,-9,65,-9,77,-9,87,-9,134,212,33.1948422302586,7.42000216983987,559.642112720262,595.894961093655,158.972325623526,0.266779107062361,345.752733082741,526.05,0,0,352.328216530942,46.5997442105976,141.658104641375,249.847166906203,68.8575655165216,391.505271547578,0.361829367153642,0,0,0,0,0,0,0,0,0,0,0,0,0,4,526.05,11.175355450237,22.8161137440758,3223.97,391.505271547578,235.72,19.9802325581395,31.3825581395349,1824.86,333.08246359055,290.33,5.1176,16.9224,1399.11,58.4228079570274,1827.26811061524
"NV-RFD-MID-check","Novelty","MO-RFD-MID","Soil_167","Soybean-MG4",2012,154,7,-9,64,-9,77,-9,87,-9,186,212,34.2773031092269,6.36845442651638,397.831937361341,638.995284819214,258.395650119429,0.404378023215828,346.943104084575,493.52,0,0,332.469003779074,65.6233777201661,139.352970259233,289.991957072968,0,429.344927332201,0.324571134740368,0,0,0,0,0,0,0,0,0,0,0,0,0,4,493.52,9.81848341232227,22.7597156398104,3445.87,429.344927332201,137.66,18.3139534883721,32.5546511627907,2055.34,279.133790575069,355.86,3.9736,16.0208,1390.53,150.211136757132,2970.06494390148
"NV-RFD-MID-check","Novelty","MO-RFD-MID","Soil_167","Soybean-MG4",2013,154,7,-9,70,-9,82,-9,90,-9,129,212,32.9789254517318,7.01355482902501,506.012696984711,579.263156944652,184.288745176355,0.318143391249659,345.735274065535,336.01,0,0,315.998214663819,25.1687235184918,107.659645964742,221.549250194303,0,329.208896159045,0.327025324105246,0,0,0,0,0,0,0,0,0,0,0,0,0,4,336.01,9.67345971563981,21.4507109004739,3256.95,329.208896159045,103.11,18.0134831460674,30.0033707865169,1907.04,260.563958527554,232.9,3.58934426229508,15.2114754098361,1349.91,68.6449376314912,2118.26143880868
"NV-RFD-MID-check","Novelty","MO-RFD-MID","Soil_167","Soybean-MG4",2014,154,6,-9,77,-9,88,-9,99,-9,212,212,30.9406264106339,14.0417112592404,988.939466750199,1166.44966288094,392.051329559816,0.336106513667735,345.184920812116,771.14,0,0,330.411338922922,171.464966428003,179.345215131192,379.84651543655,47.0602431930741,559.191730567742,0.320722223393941,0,0,0,0,0,0,0,0,0,0,0,0,0,4,771.14,9.21042654028438,19.5156398104265,3060.1,559.191730567742,409.44,17.4693877551021,27.8602040816327,1964.58,437.524974088675,361.7,2.04778761061947,12.2787610619469,1095.52,121.666756479066,4506.33712137719
"NV-RFD-MID-check","Novelty","MO-RFD-MID","Soil_167","Soybean-MG4",2015,154,6,-9,74,-9,88,-9,96,-9,146,212,30.9398446746015,15.2272024634497,1132.96778545142,1143.94483353066,258.950214101944,0.226365998177309,349.744942432732,948.4,0,0,385.858165014771,155.712797205877,206.513374258665,365.533190935364,167.257742468864,572.046565194029,0.361007978762392,0,0,0,0,0,0,0,0,0,0,0,0,0,4,948.4,11.5255924170616,21.8668246445498,3119.42,572.04656519403,582.66,18.6115789473684,28.4536842105263,1920.45,528.741507846785,365.74,5.72241379310345,16.4724137931034,1198.97,43.3050573472443,2976.43924255108
"NV-RFD-MID-check","Novelty","MO-RFD-MID","Soil_167","Soybean-MG4",2016,154,6,-9,71,-9,84,-9,97,-9,150,212,32.4934014243051,16.7564086793752,1205.24847170925,1451.80723161453,502.668829514326,0.346236620515602,344.693146806778,568.47,0,0,259.320471213092,36.0420402828054,102.762666872189,504.809955266378,0,607.572622138567,0.169136434275922,0,0,0,0,0,0,0,0,0,0,0,0,0,4,568.47,11.2052132701422,22.3957345971564,3305.79,607.572622138567,404.15,18.7510416666667,29.8302083333333,2115.16,468.076325128217,164.32,4.90608695652174,16.1895652173913,1190.63,139.49629701035,5777.8026380957
"NV-RFD-MID-check","Novelty","MO-RFD-MID","Soil_167","Soybean-MG4",2017,154,6,-9,69,-9,81,-9,96,-9,137,212,32.819320882206,7.25389795867302,759.50202645697,803.973713218446,210.731025972337,0.262111835881728,345.0739237646,546.1,0,0,297.653063244103,94.3136533697035,160.875971650097,298.981325779692,27.8561435894331,459.857297429789,0.349838901218393,0,0,0,0,0,0,0,0,0,0,0,0,0,4,546.1,9.39146919431279,21.6203791469194,3387.17,459.85729742979,354.58,16.7463157894737,29.4894736842105,2209.88,395.759603604184,191.52,3.36810344827586,15.1758620689655,1177.29,64.0976938256056,2422.19570083146
"NV-RFD-MID-check","Novelty","MO-RFD-MID","Soil_167","Soybean-MG4",2018,154,5,-9,69,-9,80,-9,92,-9,212,212,34.2066225880445,9.09774229117719,759.540398006082,1044.7437748326,393.281672697428,0.376438397788439,353.673513198484,670.81,0,0,368.030074724519,74.6682645144658,130.76674343546,399.680199126756,36.492329073262,530.446942562216,0.246521815742434,0,0,0,0,0,0,0,0,0,0,0,0,0,4,670.81,9.85308056872039,20.9289099526066,3176.9,530.446942562216,282.46,18.8703296703297,30.610989010989,1989.01,351.590334811203,388.35,3.015,13.5866666666667,1187.89,178.856607751013,4520.47899652216
"NV-RFD-MID-check","Novelty","MO-RFD-MID","Soil_167","Soybean-MG4",2019,154,5,-9,70,-9,81,-9,96,-9,212,212,32.9677218082145,9.30176527925355,864.015128331848,1025.89575968818,346.483860995579,0.337737881966576,347.613795708995,687.33,0,0,372.574414486385,68.8011485288109,184.94155118909,344.549101141202,48.632025277287,529.490652330292,0.34928199463987,0,0,0,0,0,0,0,0,0,0,0,0,0,4,687.33,10.2308056872038,20.8175355450237,3243.35,529.490652330292,363.71,18.2557894736842,28.6347368421053,2093.86,410.144630384625,323.62,3.65862068965517,14.4155172413793,1149.49,119.346021945667,3982.57311489171
